Ticker,Date,Open,High,Low,Close,Adj Close,Volume
AAPL,1/4/16,25.6525,26.342501,25.5,26.3375,24.220573,270597600
AAPL,1/5/16,26.4375,26.4625,25.602501,25.6775,23.613626,223164000
AAPL,1/6/16,25.139999,25.592501,24.967501,25.174999,23.151518,273829600
AAPL,1/7/16,24.67,25.032499,24.1075,24.112499,22.174414,324377600
AAPL,1/8/16,24.637501,24.7775,24.190001,24.24,22.29167,283192000
AAPL,1/11/16,24.7425,24.764999,24.334999,24.6325,22.65262,198957600
AAPL,1/12/16,25.137501,25.172501,24.709999,24.99,22.981382,196616800
AAPL,1/13/16,25.08,25.297501,24.325001,24.3475,22.39053,249758400
AAPL,1/14/16,24.49,25.120001,23.934999,24.879999,22.880224,252680400
AAPL,1/15/16,24.049999,24.4275,23.84,24.282499,22.330751,319335600
AAPL,1/19/16,24.602501,24.6625,23.875,24.165001,22.222698,212350800
AAPL,1/20/16,23.775,24.547501,23.355,24.1975,22.252584,289337600
AAPL,1/21/16,24.264999,24.469999,23.735001,24.075001,22.139929,208646000
AAPL,1/22/16,24.657499,25.365,24.592501,25.355,23.317045,263202000
AAPL,1/25/16,25.379999,25.3825,24.8025,24.860001,22.861839,207178000
AAPL,1/26/16,24.9825,25.219999,24.5175,24.997499,22.988285,300308000
AAPL,1/27/16,24.01,24.157499,23.334999,23.355,21.477804,533478800
AAPL,1/28/16,23.4475,23.629999,23.0975,23.522499,21.631836,222715200
AAPL,1/29/16,23.6975,24.334999,23.5875,24.334999,22.37903,257666000
AAPL,2/1/16,24.1175,24.1775,23.85,24.1075,22.169817,163774000
AAPL,2/2/16,23.855,24.01,23.57,23.620001,21.721502,149428800
AAPL,2/3/16,23.75,24.209999,23.52,24.0875,22.151424,183857200
AAPL,2/4/16,23.965,24.3325,23.797501,24.15,22.329407,185886800
AAPL,2/5/16,24.129999,24.23,23.422501,23.504999,21.733032,185672400
AAPL,2/8/16,23.282499,23.924999,23.26,23.752501,21.961882,216085600
AAPL,2/9/16,23.5725,23.985001,23.4825,23.747499,21.957256,177324800
AAPL,2/10/16,23.98,24.0875,23.525,23.567499,21.790825,169374400
AAPL,2/11/16,23.4475,23.68,23.147499,23.424999,21.659069,200298800
AAPL,2/12/16,23.547501,23.625,23.252501,23.497499,21.726103,161405600
AAPL,2/16/16,23.754999,24.2125,23.6525,24.16,22.338659,196231600
AAPL,2/17/16,24.1675,24.5525,24.0375,24.530001,22.680769,179452800
AAPL,2/18/16,24.709999,24.7225,24.022499,24.065001,22.250824,156084000
AAPL,2/19/16,24,24.190001,23.950001,24.01,22.199965,141496800
AAPL,2/22/16,24.077499,24.225,23.98,24.219999,22.394136,137123200
AAPL,2/23/16,24.1,24.125,23.637501,23.672501,21.887913,127770400
AAPL,2/24/16,23.495001,24.094999,23.33,24.025,22.213837,145022800
AAPL,2/25/16,24.012501,24.190001,23.8125,24.190001,22.366392,110330800
AAPL,2/26/16,24.299999,24.504999,24.145,24.227501,22.401073,115964400
AAPL,2/29/16,24.215,24.557501,24.1625,24.172501,22.350212,140865200
AAPL,3/1/16,24.4125,25.192499,24.355,25.1325,23.237841,201628400
AAPL,3/2/16,25.127501,25.2225,24.91,25.1875,23.2887,132678400
AAPL,3/3/16,25.145,25.4275,25.112499,25.375,23.462065,147822800
AAPL,3/4/16,25.592501,25.9375,25.342501,25.752501,23.811108,184220400
AAPL,3/7/16,25.5975,25.7075,25.24,25.467501,23.547592,143315600
AAPL,3/8/16,25.195,25.440001,25.1,25.2575,23.353422,126247600
AAPL,3/9/16,25.327499,25.395,25.067499,25.280001,23.374226,108806800
AAPL,3/10/16,25.352501,25.559999,25.0375,25.2925,23.385784,134054400
AAPL,3/11/16,25.559999,25.57,25.375,25.565001,23.637745,109632800
AAPL,3/14/16,25.477501,25.727501,25.445,25.629999,23.69784,100304400
AAPL,3/15/16,25.99,26.295,25.9625,26.145,24.174015,160270800
AAPL,3/16/16,26.1525,26.577499,26.147499,26.4925,24.495321,153214000
AAPL,3/17/16,26.379999,26.6175,26.24,26.450001,24.456026,137682800
AAPL,3/18/16,26.584999,26.625,26.297501,26.48,24.483761,176820800
AAPL,3/21/16,26.4825,26.9125,26.285,26.477501,24.481449,142010800
AAPL,3/22/16,26.3125,26.8225,26.3025,26.68,24.668684,129777600
AAPL,3/23/16,26.620001,26.7675,26.475,26.532499,24.532301,102814000
AAPL,3/24/16,26.3675,26.5625,26.2225,26.4175,24.42598,104532000
AAPL,3/28/16,26.5,26.547501,26.264999,26.297501,24.315022,77645600
AAPL,3/29/16,26.2225,26.9475,26.219999,26.92,24.890593,124760400
AAPL,3/30/16,27.1625,27.605,27.15,27.389999,25.325163,182404400
AAPL,3/31/16,27.43,27.475,27.219999,27.247499,25.193401,103553600
AAPL,4/1/16,27.195,27.5,27.049999,27.497499,25.424555,103496000
AAPL,4/4/16,27.605,28.047501,27.567499,27.780001,25.685759,149424800
AAPL,4/5/16,27.377501,27.682501,27.355,27.452499,25.382946,106314800
AAPL,4/6/16,27.557501,27.745001,27.299999,27.74,25.648773,105616400
AAPL,4/7/16,27.487499,27.605,27.030001,27.135,25.089386,127207600
AAPL,4/8/16,27.227501,27.442499,27.0425,27.165001,25.117119,94326800
AAPL,4/11/16,27.2425,27.6525,27.2075,27.254999,25.200336,117630000
AAPL,4/12/16,27.334999,27.625,27.165001,27.610001,25.528574,108929200
AAPL,4/13/16,27.700001,28.084999,27.700001,28.01,25.898422,133029200
AAPL,4/14/16,27.905001,28.0975,27.8325,28.025,25.912287,101895600
AAPL,4/15/16,28.0275,28.075001,27.432501,27.4625,25.392193,187756000
AAPL,4/18/16,27.2225,27.237499,26.735001,26.870001,24.844364,243286000
AAPL,4/19/16,26.969999,27,26.557501,26.727501,24.712605,129539600
AAPL,4/20/16,26.66,27.022499,26.514999,26.782499,24.763453,122444000
AAPL,4/21/16,26.7325,26.7325,26.379999,26.4925,24.495321,126210000
AAPL,4/22/16,26.252501,26.620001,26.155001,26.42,24.428289,134732400
AAPL,4/25/16,26.25,26.4125,26.127501,26.27,24.289593,112126400
AAPL,4/26/16,25.977501,26.325001,25.977501,26.0875,24.12085,224064800
AAPL,4/27/16,24,24.6775,23.92,24.455,22.611422,458408400
AAPL,4/28/16,24.4025,24.469999,23.5625,23.7075,21.920271,328970800
AAPL,4/29/16,23.497499,23.68,23.127501,23.434999,21.66831,274126000
AAPL,5/2/16,23.4925,23.52,23.1,23.41,21.645199,192640400
AAPL,5/3/16,23.549999,23.934999,23.42,23.795,22.001171,227325200
AAPL,5/4/16,23.799999,23.975,23.455,23.547501,21.772333,164102000
AAPL,5/5/16,23.5,23.5175,23.17,23.309999,21.683962,143562000
AAPL,5/6/16,23.342501,23.362499,22.9625,23.18,21.56303,174799600
AAPL,5/9/16,23.25,23.442499,23.147499,23.1975,21.579309,131745600
AAPL,5/10/16,23.3325,23.3925,23.0275,23.355,21.725822,134747200
AAPL,5/11/16,23.370001,23.3925,23.115,23.127501,21.514189,114876400
AAPL,5/12/16,23.18,23.195,22.3675,22.584999,21.009533,305258800
AAPL,5/13/16,22.5,22.9175,22.5,22.629999,21.051395,177571200
AAPL,5/16/16,23.0975,23.5975,22.9125,23.469999,21.832798,245039200
AAPL,5/17/16,23.637501,23.674999,23.252501,23.372499,21.742104,187667600
AAPL,5/18/16,23.540001,23.8025,23.4725,23.639999,21.990934,168249600
AAPL,5/19/16,23.66,23.66,23.3925,23.549999,21.907219,121768400
AAPL,5/20/16,23.66,23.8575,23.629999,23.805,22.14443,128104000
AAPL,5/23/16,23.967501,24.297501,23.9175,24.1075,22.425829,152074400
AAPL,5/24/16,24.305,24.522499,24.209999,24.475,22.767694,140560800
AAPL,5/25/16,24.6675,24.934999,24.5275,24.905001,23.167698,152675200
AAPL,5/26/16,24.92,25.182501,24.66,25.102501,23.351419,225324800
AAPL,5/27/16,24.860001,25.1175,24.8125,25.0875,23.337471,145364800
AAPL,5/31/16,24.9,25.1,24.705,24.965,23.223511,169228800
AAPL,6/1/16,24.754999,24.885,24.5825,24.615,22.897924,116693200
AAPL,6/2/16,24.4,24.459999,24.157499,24.43,22.725832,160766400
AAPL,6/3/16,24.4475,24.567499,24.362499,24.48,22.772345,114019600
AAPL,6/6/16,24.497499,25.4725,24.387501,24.657499,22.937462,93170000
AAPL,6/7/16,24.8125,24.967501,24.74,24.7575,23.030489,89638000
AAPL,6/8/16,24.754999,24.889999,24.67,24.735001,23.009554,83392400
AAPL,6/9/16,24.625,24.997499,24.615,24.9125,23.174675,106405600
AAPL,6/10/16,24.6325,24.8375,24.620001,24.7075,22.983976,126851600
AAPL,6/13/16,24.672501,24.780001,24.275,24.334999,22.637455,152082000
AAPL,6/14/16,24.33,24.620001,24.1875,24.365,22.665375,127727600
AAPL,6/15/16,24.455,24.602501,24.2575,24.285,22.590946,117780800
AAPL,6/16/16,24.112499,24.4375,24.0175,24.387501,22.686295,125307200
AAPL,6/17/16,24.155001,24.1625,23.825001,23.8325,22.170008,244032800
AAPL,6/20/16,24,24.1425,23.7575,23.775,22.116524,137647600
AAPL,6/21/16,23.735001,24.0875,23.67,23.977501,22.304899,142185600
AAPL,6/22/16,24.0625,24.2225,23.8375,23.887501,22.221176,116876400
AAPL,6/23/16,23.985001,24.0725,23.8125,24.025,22.349083,128960800
AAPL,6/24/16,23.227501,23.665001,23.1625,23.35,21.72117,301245600
AAPL,6/27/16,23.25,23.262501,22.875,23.01,21.40489,181958400
AAPL,6/28/16,23.225,23.415001,23.035,23.397499,21.765354,161779600
AAPL,6/29/16,23.4925,23.637501,23.407499,23.6,21.953728,146124000
AAPL,6/30/16,23.610001,23.942499,23.575001,23.9,22.232805,143345600
AAPL,7/1/16,23.872499,24.1175,23.8325,23.9725,22.300243,104106000
AAPL,7/5/16,23.8475,23.85,23.615,23.747499,22.090939,110820800
AAPL,7/6/16,23.65,23.915001,23.592501,23.8825,22.216524,123796400
AAPL,7/7/16,23.924999,24.125,23.905001,23.985001,22.311874,100558400
AAPL,7/8/16,24.122499,24.2225,24.012501,24.17,22.483969,115648400
AAPL,7/11/16,24.1875,24.4125,24.182501,24.245001,22.553743,95179600
AAPL,7/12/16,24.2925,24.424999,24.280001,24.355,22.656069,96670000
AAPL,7/13/16,24.352501,24.4175,24.209999,24.217501,22.528156,103568800
AAPL,7/14/16,24.3475,24.747499,24.33,24.6975,22.974678,155676000
AAPL,7/15/16,24.73,24.825001,24.625,24.695,22.972345,120548000
AAPL,7/18/16,24.674999,25.032499,24.65,24.9575,23.216534,145975600
AAPL,7/19/16,24.889999,25,24.834999,24.967501,23.225836,95119600
AAPL,7/20/16,25,25.115,24.934999,24.99,23.246767,105104000
AAPL,7/21/16,24.9575,25.25,24.782499,24.8575,23.123512,130808000
AAPL,7/22/16,24.815001,24.825001,24.577499,24.665001,22.944439,113254800
AAPL,7/25/16,24.5625,24.709999,24.23,24.334999,22.637455,161531600
AAPL,7/26/16,24.205,24.4925,24.105,24.1675,22.481636,224959200
AAPL,7/27/16,26.067499,26.0875,25.6875,25.737499,23.942127,369379200
AAPL,7/28/16,25.7075,26.112499,25.705,26.084999,24.265385,159479200
AAPL,7/29/16,26.047501,26.137501,25.92,26.0525,24.235153,110934800
AAPL,8/1/16,26.102501,26.5375,26.102501,26.512501,24.663065,152671600
AAPL,8/2/16,26.512501,26.5175,26,26.120001,24.297945,135266400
AAPL,8/3/16,26.202499,26.459999,26.192499,26.4475,24.602594,120810400
AAPL,8/4/16,26.395,26.5,26.32,26.467501,24.754583,109634800
AAPL,8/5/16,26.567499,26.9125,26.545,26.870001,25.131035,162213600
AAPL,8/8/16,26.879999,27.092501,26.790001,27.092501,25.339132,112148800
AAPL,8/9/16,27.057501,27.235001,27.002501,27.202499,25.442013,105260800
AAPL,8/10/16,27.1775,27.225,26.940001,27,25.252615,96034000
AAPL,8/11/16,27.129999,27.2325,26.9625,26.9825,25.236252,109938000
AAPL,8/12/16,26.945,27.110001,26.945,27.045,25.294706,74641600
AAPL,8/15/16,27.035,27.385,27.02,27.370001,25.598675,103472800
AAPL,8/16/16,27.407499,27.557501,27.3025,27.344999,25.575291,135177600
AAPL,8/17/16,27.275,27.342501,27.084999,27.305,25.53788,101424000
AAPL,8/18/16,27.307501,27.4,27.254999,27.27,25.505142,87938800
AAPL,8/19/16,27.192499,27.422501,27.09,27.34,25.570616,101472400
AAPL,8/22/16,27.215,27.275,26.9625,27.127501,25.371864,103280800
AAPL,8/23/16,27.147499,27.33,27.1325,27.2125,25.451365,85030800
AAPL,8/24/16,27.1425,27.1875,26.92,27.0075,25.259632,94700400
AAPL,8/25/16,26.8475,26.969999,26.67,26.8925,25.152079,100344800
AAPL,8/26/16,26.852501,26.987499,26.577499,26.735001,25.004766,111065200
AAPL,8/29/16,26.655001,26.860001,26.5725,26.705,24.976707,99881200
AAPL,8/30/16,26.450001,26.625,26.375,26.5,24.784973,99455600
AAPL,8/31/16,26.415001,26.6425,26.41,26.525,24.808359,118649600
AAPL,9/1/16,26.535,26.700001,26.405001,26.682501,24.955666,106806000
AAPL,9/2/16,26.924999,27,26.705,26.932501,25.189487,107210000
AAPL,9/6/16,26.975,27.075001,26.877501,26.924999,25.182472,107521600
AAPL,9/7/16,26.9575,27.190001,26.7675,27.09,25.336794,169457200
AAPL,9/8/16,26.8125,26.817499,26.309999,26.379999,24.672741,212008000
AAPL,9/9/16,26.16,26.43,25.782499,25.782499,24.113913,186228000
AAPL,9/12/16,25.6625,26.43,25.6325,26.360001,24.654039,181171200
AAPL,9/13/16,26.877501,27.1975,26.809999,26.987499,25.240925,248704800
AAPL,9/14/16,27.182501,28.2575,27.15,27.942499,26.134117,443554800
AAPL,9/15/16,28.465,28.932501,28.372499,28.8925,27.022635,359934400
AAPL,9/16/16,28.780001,29.032499,28.51,28.73,26.870653,319547600
AAPL,9/19/16,28.797501,29.045,28.3125,28.395,26.557339,188092000
AAPL,9/20/16,28.262501,28.530001,28.127501,28.3925,26.554995,138057200
AAPL,9/21/16,28.4625,28.497499,28.110001,28.387501,26.55032,144012800
AAPL,9/22/16,28.5875,28.735001,28.5,28.655001,26.80051,124296000
AAPL,9/23/16,28.605,28.6975,27.887501,28.1775,26.353914,209924800
AAPL,9/26/16,27.91,28.3475,27.887501,28.219999,26.393663,119477600
AAPL,9/27/16,28.25,28.295,28.084999,28.272499,26.442766,98429600
AAPL,9/28/16,28.422501,28.66,28.3575,28.487499,26.64385,118564400
AAPL,9/29/16,28.290001,28.450001,27.950001,28.045,26.229988,143548000
AAPL,9/30/16,28.115,28.342501,27.950001,28.262501,26.433414,145516400
AAPL,10/3/16,28.1775,28.262501,28.07,28.129999,26.309484,86807200
AAPL,10/4/16,28.264999,28.577499,28.157499,28.25,26.421724,118947200
AAPL,10/5/16,28.35,28.415001,28.172501,28.262501,26.433414,85812400
AAPL,10/6/16,28.424999,28.584999,28.282499,28.4725,26.629824,115117200
AAPL,10/7/16,28.577499,28.639999,28.377501,28.514999,26.669571,97433600
AAPL,10/10/16,28.754999,29.1875,28.68,29.012501,27.134876,144944000
AAPL,10/11/16,29.424999,29.672501,29.049999,29.075001,27.193325,256164000
AAPL,10/12/16,29.3375,29.495001,29.1875,29.334999,27.436501,150347200
AAPL,10/13/16,29.1975,29.360001,28.93,29.245001,27.352329,140769600
AAPL,10/14/16,29.469999,29.5425,29.282499,29.407499,27.504313,142608800
AAPL,10/17/16,29.3325,29.459999,29.195,29.387501,27.485603,94499600
AAPL,10/18/16,29.545,29.5525,29.362499,29.3675,27.466902,98214000
AAPL,10/19/16,29.3125,29.440001,28.450001,29.280001,27.385057,80138400
AAPL,10/20/16,29.215,29.344999,29.0825,29.264999,27.371029,96503200
AAPL,10/21/16,29.202499,29.227501,29.07,29.15,27.263474,92770800
AAPL,10/24/16,29.275,29.434999,29.25,29.4125,27.508984,94154800
AAPL,10/25/16,29.487499,29.59,29.327499,29.5625,27.649273,192516000
AAPL,10/26/16,28.577499,28.924999,28.327499,28.897499,27.027319,264536800
AAPL,10/27/16,28.8475,28.965,28.525,28.620001,26.767776,138248000
AAPL,10/28/16,28.467501,28.8025,28.362499,28.43,26.590069,151446800
AAPL,10/31/16,28.4125,28.557501,28.299999,28.385,26.547985,105677600
AAPL,11/1/16,28.365,28.442499,27.6325,27.872499,26.068651,175303200
AAPL,11/2/16,27.85,28.0875,27.807501,27.897499,26.092033,113326800
AAPL,11/3/16,27.745001,27.865,27.387501,27.4575,25.812357,107730400
AAPL,11/4/16,27.1325,27.5625,27.0275,27.209999,25.579687,123348000
AAPL,11/7/16,27.52,27.627501,27.365,27.602501,25.948675,130240000
AAPL,11/8/16,27.577499,27.93,27.424999,27.764999,26.101435,97016800
AAPL,11/9/16,27.469999,27.83,27.012501,27.719999,26.059128,236705600
AAPL,11/10/16,27.772499,27.772499,26.4575,26.9475,25.332916,228538000
AAPL,11/11/16,26.780001,27.217501,26.637501,27.1075,25.483332,136575600
AAPL,11/14/16,26.9275,26.952499,26.02,26.4275,24.84407,204702000
AAPL,11/15/16,26.6425,26.92,26.540001,26.7775,25.1731,129058000
AAPL,11/16/16,26.674999,27.557501,26.65,27.497499,25.849962,235362000
AAPL,11/17/16,27.452499,27.5875,27.2075,27.487499,25.840561,110528000
AAPL,11/18/16,27.43,27.635,27.415001,27.514999,25.866415,113715600
AAPL,11/21/16,27.530001,27.997499,27.502501,27.932501,26.258896,117058400
AAPL,11/22/16,27.987499,28.105,27.85,27.950001,26.275352,103862000
AAPL,11/23/16,27.84,27.877501,27.5825,27.807501,26.14139,109705600
AAPL,11/25/16,27.782499,27.967501,27.737499,27.9475,26.272997,45903600
AAPL,11/28/16,27.8575,28.1175,27.8475,27.8925,26.221294,108776000
AAPL,11/29/16,27.695,28.0075,27.5175,27.865,26.195448,114115200
AAPL,11/30/16,27.9,28.049999,27.567499,27.629999,25.974524,144649200
AAPL,12/1/16,27.592501,27.735001,27.2575,27.372499,25.732454,148347600
AAPL,12/2/16,27.2925,27.522499,27.2125,27.475,25.828812,106112000
AAPL,12/5/16,27.5,27.5075,27.0625,27.2775,25.643141,137298000
AAPL,12/6/16,27.375,27.59,27.297501,27.487499,25.840561,104782000
AAPL,12/7/16,27.315001,27.797501,27.290001,27.7575,26.094387,119994800
AAPL,12/8/16,27.715,28.1075,27.65,28.030001,26.350557,108273200
AAPL,12/9/16,28.077499,28.674999,28.077499,28.487499,26.780647,137610400
AAPL,12/12/16,28.3225,28.75,28.122499,28.325001,26.627888,105497600
AAPL,12/13/16,28.459999,28.98,28.4375,28.797501,27.072073,174935200
AAPL,12/14/16,28.76,29.049999,28.745001,28.797501,27.072073,136127200
AAPL,12/15/16,28.844999,29.182501,28.807501,28.955,27.220139,186098000
AAPL,12/16/16,29.1175,29.125,28.9125,28.9925,27.255388,177404400
AAPL,12/19/16,28.950001,29.344999,28.9375,29.16,27.412855,111117600
AAPL,12/20/16,29.184999,29.375,29.17,29.237499,27.485708,85700000
AAPL,12/21/16,29.200001,29.35,29.195,29.264999,27.511559,95132800
AAPL,12/22/16,29.0875,29.127501,28.91,29.0725,27.330593,104343600
AAPL,12/23/16,28.897499,29.129999,28.897499,29.129999,27.384649,56998000
AAPL,12/27/16,29.129999,29.450001,29.122499,29.315001,27.558563,73187600
AAPL,12/28/16,29.379999,29.504999,29.049999,29.190001,27.441057,83623600
AAPL,12/29/16,29.112499,29.2775,29.1,29.182501,27.434002,60158000
AAPL,12/30/16,29.1625,29.299999,28.8575,28.955,27.220139,122345200
AAPL,1/3/17,28.950001,29.0825,28.690001,29.0375,27.297689,115127600
AAPL,1/4/17,28.9625,29.127501,28.9375,29.004999,27.267139,84472400
AAPL,1/5/17,28.98,29.215,28.952499,29.1525,27.405804,88774400
AAPL,1/6/17,29.195,29.540001,29.1175,29.477501,27.711329,127007600
AAPL,1/9/17,29.487499,29.8575,29.485001,29.747499,27.965151,134247600
AAPL,1/10/17,29.692499,29.844999,29.575001,29.7775,27.993355,97848400
AAPL,1/11/17,29.684999,29.9825,29.65,29.9375,28.14377,110354400
AAPL,1/12/17,29.725,29.825001,29.5525,29.8125,28.026255,108344800
AAPL,1/13/17,29.7775,29.905001,29.702499,29.76,27.976902,104447600
AAPL,1/17/17,29.584999,30.059999,29.555,30,28.202524,137759200
AAPL,1/18/17,30,30.125,29.9275,29.997499,28.200174,94852000
AAPL,1/19/17,29.85,30.022499,29.842501,29.945,28.150822,102389200
AAPL,1/20/17,30.112499,30.112499,29.932501,30,28.202524,130391600
AAPL,1/23/17,30,30.202499,29.942499,30.02,28.221323,88200800
AAPL,1/24/17,29.887501,30.025,29.875,29.9925,28.195473,92844000
AAPL,1/25/17,30.105,30.525,30.07,30.469999,28.64436,129510400
AAPL,1/26/17,30.4175,30.610001,30.4,30.485001,28.658463,105350400
AAPL,1/27/17,30.535,30.5875,30.4,30.487499,28.660812,82251600
AAPL,1/30/17,30.2325,30.407499,30.165001,30.407499,28.585604,121510000
AAPL,1/31/17,30.2875,30.3475,30.155001,30.3375,28.519802,196804000
AAPL,2/1/17,31.7575,32.622501,31.752501,32.1875,30.258957,447940000
AAPL,2/2/17,31.995001,32.3475,31.945,32.1325,30.207253,134841600
AAPL,2/3/17,32.077499,32.297501,32.040001,32.27,30.336512,98029200
AAPL,2/6/17,32.282501,32.625,32.224998,32.572498,30.620892,107383600
AAPL,2/7/17,32.634998,33.022499,32.612499,32.8825,30.912315,152735200
AAPL,2/8/17,32.837502,33.055,32.805,33.009998,31.032173,92016400
AAPL,2/9/17,32.912498,33.112499,32.779999,33.105,31.256416,113399600
AAPL,2/10/17,33.115002,33.235001,33.012501,33.029999,31.185604,80262000
AAPL,2/13/17,33.27,33.455002,33.1875,33.322498,31.461763,92141600
AAPL,2/14/17,33.3675,33.772499,33.3125,33.755001,31.870121,132904800
AAPL,2/15/17,33.880001,34.067501,33.654999,33.877499,31.985769,142492400
AAPL,2/16/17,33.9175,33.974998,33.709999,33.837502,31.948015,90338400
AAPL,2/17/17,33.775002,33.9575,33.775002,33.93,32.035343,88792800
AAPL,2/21/17,34.057499,34.1875,33.994999,34.174999,32.266666,98028800
AAPL,2/22/17,34.107498,34.279999,34.0275,34.2775,32.363445,83347600
AAPL,2/23/17,34.345001,34.369999,34.075001,34.1325,32.22654,83152800
AAPL,2/24/17,33.977501,34.165001,33.82,34.165001,32.257221,87106400
AAPL,2/27/17,34.285,34.360001,34.07,34.232498,32.320942,81029600
AAPL,2/28/17,34.27,34.360001,34.174999,34.247501,32.335117,93931600
AAPL,3/1/17,34.4725,35.037498,34.400002,34.947498,32.996033,145658400
AAPL,3/2/17,35,35.07,34.689999,34.740002,32.800125,104844000
AAPL,3/3/17,34.695,34.9575,34.647499,34.945,32.993671,84432400
AAPL,3/6/17,34.842499,34.942501,34.650002,34.834999,32.889801,87000000
AAPL,3/7/17,34.764999,34.994999,34.697498,34.880001,32.932293,69785200
AAPL,3/8/17,34.737499,34.950001,34.705002,34.75,32.809555,74828800
AAPL,3/9/17,34.685001,34.697498,34.262501,34.669998,32.734024,88623600
AAPL,3/10/17,34.8125,34.84,34.66,34.785,32.842602,78451200
AAPL,3/13/17,34.712502,34.857498,34.705002,34.799999,32.856762,69686800
AAPL,3/14/17,34.825001,34.912498,34.709999,34.747501,32.807198,61236400
AAPL,3/15/17,34.852501,35.1875,34.7575,35.115002,33.154175,102767200
AAPL,3/16/17,35.18,35.255001,35.064999,35.172501,33.208462,76928000
AAPL,3/17/17,35.25,35.25,34.9725,34.997501,33.04324,175540000
AAPL,3/20/17,35.099998,35.375,35.057499,35.365002,33.390209,86168000
AAPL,3/21/17,35.5275,35.700001,34.932499,34.959999,33.007832,158119600
AAPL,3/22/17,34.962502,35.400002,34.939999,35.355,33.380775,103440800
AAPL,3/23/17,35.314999,35.395,35.1525,35.23,33.262749,81385200
AAPL,3/24/17,35.375,35.435001,35.087502,35.16,33.196659,89582400
AAPL,3/27/17,34.8475,35.305,34.654999,35.220001,33.253307,94300400
AAPL,3/28/17,35.227501,36.009998,35.154999,35.950001,33.942554,133499200
AAPL,3/29/17,35.919998,36.122501,35.797501,36.029999,34.018082,116760000
AAPL,3/30/17,36.047501,36.125,35.875,35.982498,33.973232,84829200
AAPL,3/31/17,35.93,36.067501,35.752499,35.915001,33.909512,78646800
AAPL,4/3/17,35.927502,36.029999,35.762501,35.924999,33.918945,79942800
AAPL,4/4/17,35.8125,36.2225,35.7925,36.192501,34.171501,79565600
AAPL,4/5/17,36.055,36.365002,35.952499,36.005001,33.99448,110871600
AAPL,4/6/17,36.072498,36.130001,35.862499,35.915001,33.909512,84596000
AAPL,4/7/17,35.932499,36.044998,35.817501,35.834999,33.833965,66688800
AAPL,4/10/17,35.900002,35.970001,35.724998,35.7925,33.79385,75733600
AAPL,4/11/17,35.735001,35.837502,35.014999,35.407501,33.430344,121517600
AAPL,4/12/17,35.400002,35.537498,35.252499,35.450001,33.47047,81400000
AAPL,4/13/17,35.477501,35.595001,35.262501,35.262501,33.293442,71291600
AAPL,4/17/17,35.369999,35.470001,35.217499,35.4575,33.477543,66328400
AAPL,4/18/17,35.352501,35.509998,35.2775,35.299999,33.328842,58790000
AAPL,4/19/17,35.470001,35.5,35.112499,35.169998,33.206104,69313600
AAPL,4/20/17,35.305,35.73,35.290001,35.610001,33.62154,93278400
AAPL,4/21/17,35.610001,35.669998,35.462502,35.567501,33.581409,69283600
AAPL,4/24/17,35.875,35.987499,35.794998,35.91,33.904789,68537200
AAPL,4/25/17,35.977501,36.224998,35.967499,36.1325,34.114853,75486000
AAPL,4/26/17,36.1175,36.150002,35.845001,35.919998,33.914227,80164800
AAPL,4/27/17,35.98,36.040001,35.827499,35.947498,33.940182,56985200
AAPL,4/28/17,36.022499,36.075001,35.817501,35.912498,33.907146,83441600
AAPL,5/1/17,36.275002,36.799999,36.240002,36.645,34.598747,134411600
AAPL,5/2/17,36.884998,37.022499,36.709999,36.877499,34.818245,181408800
AAPL,5/3/17,36.397499,36.872501,36.067501,36.764999,34.712036,182788000
AAPL,5/4/17,36.630001,36.785,36.452499,36.6325,34.586933,93487600
AAPL,5/5/17,36.689999,37.244999,36.689999,37.240002,35.160503,109310800
AAPL,5/8/17,37.2575,38.424999,37.2575,38.252499,36.11647,195009600
AAPL,5/9/17,38.467499,38.720001,38.362499,38.497501,36.347794,156521600
AAPL,5/10/17,38.407501,38.485001,38.0275,38.314999,36.175484,103222800
AAPL,5/11/17,38.112499,38.517502,38.077499,38.487499,36.488346,109020400
AAPL,5/12/17,38.674999,39.105,38.6675,39.025002,36.997921,130108000
AAPL,5/15/17,39.002499,39.162498,38.762501,38.924999,36.903114,104038800
AAPL,5/16/17,38.985001,39.014999,38.68,38.8675,36.84861,80194000
AAPL,5/17/17,38.400002,38.642502,37.427502,37.5625,35.611389,203070800
AAPL,5/18/17,37.817501,38.334999,37.782501,38.134998,36.154152,134272800
AAPL,5/19/17,38.345001,38.494999,38.157501,38.264999,36.277401,107843200
AAPL,5/22/17,38.5,38.645,38.227501,38.497501,36.497829,91865600
AAPL,5/23/17,38.724998,38.724998,38.327499,38.450001,36.452801,79675600
AAPL,5/24/17,38.459999,38.5425,38.1675,38.334999,36.343761,76712000
AAPL,5/25/17,38.432499,38.587502,38.2575,38.467499,36.469379,76942400
AAPL,5/26/17,38.5,38.560001,38.327499,38.4025,36.407761,87710400
AAPL,5/30/17,38.355,38.607498,38.3325,38.4175,36.421978,80507600
AAPL,5/31/17,38.4925,38.5425,38.095001,38.189999,36.206295,97804800
AAPL,6/1/17,38.2925,38.3325,38.055,38.294998,36.305847,65616400
AAPL,6/2/17,38.395,38.862499,38.2225,38.862499,36.843861,111082800
AAPL,6/5/17,38.584999,38.612499,38.365002,38.482498,36.483604,101326800
AAPL,6/6/17,38.474998,38.952499,38.445,38.612499,36.606846,106499600
AAPL,6/7/17,38.755001,38.994999,38.619999,38.842499,36.824909,84278400
AAPL,6/8/17,38.8125,38.884998,38.599998,38.747501,36.734833,85003200
AAPL,6/9/17,38.797501,38.797501,36.505001,37.244999,35.310379,259530800
AAPL,6/12/17,36.435001,36.522499,35.627499,36.355,34.466614,289229200
AAPL,6/13/17,36.790001,36.862499,36.287498,36.647499,34.743927,136661600
AAPL,6/14/17,36.875,36.875,35.959999,36.290001,34.404987,126124800
AAPL,6/15/17,35.830002,36.119999,35.552502,36.072498,34.198772,128661600
AAPL,6/16/17,35.945,36.125,35.549999,35.567501,33.720016,201444400
AAPL,6/19/17,35.915001,36.685001,35.915001,36.584999,34.684658,130165600
AAPL,6/20/17,36.717499,36.717499,36.235001,36.252499,34.369431,99600400
AAPL,6/21/17,36.380001,36.517502,36.1525,36.467499,34.573261,85063200
AAPL,6/22/17,36.442501,36.674999,36.279999,36.407501,34.516384,76425200
AAPL,6/23/17,36.282501,36.790001,36.2775,36.57,34.670437,141757600
AAPL,6/26/17,36.7925,37.07,36.345001,36.455002,34.56142,102769600
AAPL,6/27/17,36.252499,36.540001,35.904999,35.932499,34.066051,99047600
AAPL,6/28/17,36.122501,36.5275,35.790001,36.4575,34.563793,88329600
AAPL,6/29/17,36.177502,36.282501,35.57,35.919998,34.054207,125997600
AAPL,6/30/17,36.112499,36.240002,35.945,36.005001,34.134789,92096400
AAPL,7/3/17,36.220001,36.325001,35.775002,35.875,34.011551,57111200
AAPL,7/5/17,35.922501,36.197498,35.68,36.022499,34.151375,86278400
AAPL,7/6/17,35.755001,35.875,35.602501,35.682499,33.829048,96515200
AAPL,7/7/17,35.724998,36.1875,35.724998,36.044998,34.172722,76806800
AAPL,7/10/17,36.0275,36.487499,35.842499,36.264999,34.381283,84362400
AAPL,7/11/17,36.182499,36.462502,36.095001,36.3825,34.49268,79127200
AAPL,7/12/17,36.467499,36.544998,36.205002,36.435001,34.542461,99538000
AAPL,7/13/17,36.375,37.122501,36.360001,36.942501,35.023598,100797600
AAPL,7/14/17,36.9925,37.3325,36.8325,37.259998,35.324596,80528400
AAPL,7/17/17,37.205002,37.724998,37.142502,37.389999,35.447853,95174000
AAPL,7/18/17,37.299999,37.532501,37.1675,37.52,35.571106,71475200
AAPL,7/19/17,37.619999,37.855,37.487499,37.755001,35.793888,83692000
AAPL,7/20/17,37.875,37.935001,37.547501,37.584999,35.632717,68974800
AAPL,7/21/17,37.497501,37.610001,37.220001,37.567501,35.616135,105010400
AAPL,7/24/17,37.645,38.110001,37.474998,38.022499,36.047501,85972800
AAPL,7/25/17,37.950001,38.459999,37.950001,38.185001,36.201561,75415600
AAPL,7/26/17,38.337502,38.482498,38.264999,38.365002,36.372208,63124000
AAPL,7/27/17,38.4375,38.497501,36.825001,37.639999,35.684868,129905200
AAPL,7/28/17,37.4725,37.557499,37.297501,37.375,35.433628,68854800
AAPL,7/31/17,37.474998,37.5825,37.032501,37.182499,35.251137,79383600
AAPL,8/1/17,37.275002,37.555,37.102501,37.512501,35.563992,141474400
AAPL,8/2/17,39.82,39.9375,39.040001,39.285,37.244415,279747200
AAPL,8/3/17,39.262501,39.302502,38.755001,38.892502,36.872299,108389200
AAPL,8/4/17,39.017502,39.349998,38.922501,39.0975,37.066654,82239600
AAPL,8/7/17,39.264999,39.73,39.1675,39.702499,37.640228,87481200
AAPL,8/8/17,39.650002,40.4575,39.567501,40.02,37.941238,144823600
AAPL,8/9/17,39.814999,40.317501,39.7775,40.264999,38.173508,104526000
AAPL,8/10/17,39.974998,40,38.657501,38.830002,36.957623,163217200
AAPL,8/11/17,39.150002,39.642502,39.017502,39.369999,37.471581,105028400
AAPL,8/14/17,39.830002,40.052502,39.6875,39.962502,38.035519,88490800
AAPL,8/15/17,40.165001,40.549999,40.035,40.400002,38.451908,117862000
AAPL,8/16/17,40.485001,40.627499,40.037498,40.237499,38.297249,110686400
AAPL,8/17/17,40.130001,40.177502,39.459999,39.465,37.562,111762400
AAPL,8/18/17,39.465,39.875,39.18,39.375,37.476337,109712400
AAPL,8/21/17,39.375,39.4725,38.7775,39.302502,37.407337,105474000
AAPL,8/22/17,39.557499,40,39.505001,39.945,38.018848,86418400
AAPL,8/23/17,39.767502,40.1175,39.720001,39.994999,38.066437,77596400
AAPL,8/24/17,40.107498,40.185001,39.637501,39.817501,37.897499,79275600
AAPL,8/25/17,39.912498,40.139999,39.817501,39.965,38.037891,101920400
AAPL,8/28/17,40.035,40.5,39.982498,40.3675,38.420975,103864000
AAPL,8/29/17,40.025002,40.779999,40,40.727501,38.763615,118067600
AAPL,8/30/17,40.950001,40.9725,40.6525,40.837502,38.868313,109078400
AAPL,8/31/17,40.91,41.130001,40.869999,41,39.022976,107140400
AAPL,9/1/17,41.200001,41.235001,40.907501,41.012501,39.034882,66364400
AAPL,9/5/17,40.9375,41.0625,40.139999,40.52,38.566124,117874000
AAPL,9/6/17,40.677502,40.747501,40.130001,40.477501,38.525681,86606800
AAPL,9/7/17,40.522499,40.560001,40.09,40.314999,38.37101,87714000
AAPL,9/8/17,40.215,40.287498,39.6325,39.657501,37.74522,114446000
AAPL,9/11/17,40.125,40.512501,39.9725,40.375,38.428116,126323200
AAPL,9/12/17,40.6525,40.990002,39.692501,40.215,38.275829,286856000
AAPL,9/13/17,39.967499,39.990002,39.477501,39.912498,37.987923,179629600
AAPL,9/14/17,39.747501,39.849998,39.522499,39.57,37.661934,95042800
AAPL,9/15/17,39.6175,40.2425,39.5,39.970001,38.042648,196458400
AAPL,9/18/17,40.0275,40.125,39.5,39.6675,37.754734,113077600
AAPL,9/19/17,39.877499,39.942501,39.610001,39.682499,37.769009,83242400
AAPL,9/20/17,39.474998,39.564999,38.4575,39.017502,37.13607,211805600
AAPL,9/21/17,38.950001,38.950001,38.1875,38.3475,36.498383,150046800
AAPL,9/22/17,37.884998,38.067501,37.639999,37.9725,36.14146,186581600
AAPL,9/25/17,37.497501,37.9575,37.290001,37.637501,35.822624,177549200
AAPL,9/26/17,37.945,38.48,37.922501,38.285,36.438896,146640000
AAPL,9/27/17,38.450001,38.68,38.384998,38.557499,36.698257,102016800
AAPL,9/28/17,38.4725,38.57,38.174999,38.32,36.47221,88022000
AAPL,9/29/17,38.302502,38.532501,38,38.529999,36.672089,105199200
AAPL,10/2/17,38.564999,38.612499,38.18,38.452499,36.598316,74795200
AAPL,10/3/17,38.502499,38.772499,38.477501,38.619999,36.75774,64921200
AAPL,10/4/17,38.407501,38.465,38.115002,38.369999,36.519798,80655200
AAPL,10/5/17,38.544998,38.860001,38.512501,38.8475,36.974277,85135200
AAPL,10/6/17,38.7425,38.872501,38.639999,38.825001,36.952858,69630400
AAPL,10/9/17,38.952499,39.182499,38.872501,38.959999,37.081348,65051600
AAPL,10/10/17,39.014999,39.5,38.775002,38.974998,37.095623,62468000
AAPL,10/11/17,38.9925,39.244999,38.9375,39.137501,37.250301,67622400
AAPL,10/12/17,39.087502,39.342499,38.932499,39,37.119423,64500400
AAPL,10/13/17,39.182499,39.32,39.102501,39.247501,37.354988,65576800
AAPL,10/16/17,39.474998,40,39.412498,39.970001,38.042648,96486000
AAPL,10/17/17,39.945,40.217499,39.807499,40.1175,38.183037,75989200
AAPL,10/18/17,40.105,40.177502,39.900002,39.939999,38.014091,65496800
AAPL,10/19/17,39.1875,39.27,38.755001,38.994999,37.114662,170336800
AAPL,10/20/17,39.1525,39.4375,38.990002,39.0625,37.178898,95896400
AAPL,10/23/17,39.2225,39.422501,38.875,39.0425,37.159874,87937200
AAPL,10/24/17,39.072498,39.355,39.049999,39.275002,37.381157,71028800
AAPL,10/25/17,39.227501,39.387501,38.817501,39.102501,37.21698,84828400
AAPL,10/26/17,39.307499,39.4575,39.195,39.352501,37.454922,68002000
AAPL,10/27/17,39.822498,40.900002,39.674999,40.762501,38.796928,177816800
AAPL,10/30/17,40.9725,42.017502,40.93,41.68,39.670197,178803200
AAPL,10/31/17,41.974998,42.412498,41.735001,42.259998,40.222218,144187200
AAPL,11/1/17,42.467499,42.485001,41.4025,41.7225,39.710644,134551200
AAPL,11/2/17,41.650002,42.125,41.32,42.0275,40.000935,165573600
AAPL,11/3/17,43.5,43.564999,42.779999,43.125,41.045517,237594400
AAPL,11/6/17,43.092499,43.747501,42.93,43.5625,41.46191,140105200
AAPL,11/7/17,43.477501,43.8125,43.400002,43.702499,41.595169,97446000
AAPL,11/8/17,43.665001,44.060001,43.5825,44.060001,41.935432,97638000
AAPL,11/9/17,43.7775,44.025002,43.285,43.970001,41.849773,117930400
AAPL,11/10/17,43.7775,43.845001,43.567501,43.6675,41.711266,100582000
AAPL,11/13/17,43.375,43.625,43.349998,43.4925,41.544106,67928400
AAPL,11/14/17,43.259998,43.369999,42.794998,42.834999,40.916065,99130000
AAPL,11/15/17,42.4925,42.580002,42.095001,42.27,40.376377,116632400
AAPL,11/16/17,42.794998,42.967499,42.575001,42.775002,40.858753,94550000
AAPL,11/17/17,42.759998,42.8475,42.41,42.537498,40.631893,87598000
AAPL,11/20/17,42.572498,42.639999,42.389999,42.494999,40.59129,65049600
AAPL,11/21/17,42.695,43.424999,42.695,43.285,41.345898,100525200
AAPL,11/22/17,43.34,43.75,43.262501,43.740002,41.780514,102355600
AAPL,11/24/17,43.775002,43.875,43.662498,43.7425,41.782902,56106800
AAPL,11/27/17,43.762501,43.77,43.334999,43.522499,41.572754,82867200
AAPL,11/28/17,43.575001,43.717499,42.965,43.267502,41.329185,105715200
AAPL,11/29/17,43.157501,43.23,41.790001,42.369999,40.471882,166665600
AAPL,11/30/17,42.607498,43.035,42.110001,42.962502,41.037846,166108800
AAPL,12/1/17,42.487499,42.9175,42.125,42.762501,40.846809,159037200
AAPL,12/4/17,43.119999,43.154999,42.407501,42.450001,40.548302,130169600
AAPL,12/5/17,42.264999,42.880001,42.099998,42.41,40.510098,109400800
AAPL,12/6/17,41.875,42.549999,41.615002,42.252499,40.359653,114240000
AAPL,12/7/17,42.2575,42.610001,42.227501,42.330002,40.433678,102693200
AAPL,12/8/17,42.622501,42.75,42.205002,42.342499,40.445621,93420800
AAPL,12/11/17,42.299999,43.2225,42.197498,43.1675,41.233665,141095200
AAPL,12/12/17,43.037498,43.0975,42.865002,42.924999,41.002022,77636800
AAPL,12/13/17,43.125,43.384998,43,43.067501,41.138149,95273600
AAPL,12/14/17,43.099998,43.282501,42.912498,43.055,41.126202,81906000
AAPL,12/15/17,43.407501,43.5425,43.115002,43.4925,41.544106,160677200
AAPL,12/18/17,43.720001,44.299999,43.715,44.105,42.129166,117684400
AAPL,12/19/17,43.7575,43.8475,43.522499,43.634998,41.680214,109745600
AAPL,12/20/17,43.717499,43.855,43.3125,43.587502,41.63485,93902400
AAPL,12/21/17,43.5425,44.005001,43.525002,43.752499,41.792454,83799600
AAPL,12/22/17,43.669998,43.855,43.625,43.752499,41.792454,65397600
AAPL,12/26/17,42.700001,42.8675,42.419998,42.642502,40.732182,132742000
AAPL,12/27/17,42.525002,42.695,42.427502,42.650002,40.739346,85992800
AAPL,12/28/17,42.75,42.962502,42.619999,42.77,40.853966,65920800
AAPL,12/29/17,42.630001,42.647499,42.305,42.307499,40.412186,103999600
AAPL,1/2/18,42.540001,43.075001,42.314999,43.064999,41.135754,102223600
AAPL,1/3/18,43.1325,43.637501,42.990002,43.057499,41.12859,118071600
AAPL,1/4/18,43.134998,43.3675,43.02,43.2575,41.319637,89738400
AAPL,1/5/18,43.360001,43.842499,43.262501,43.75,41.790073,94640000
AAPL,1/8/18,43.587502,43.9025,43.482498,43.587502,41.63485,82271200
AAPL,1/9/18,43.637501,43.764999,43.352501,43.5825,41.630066,86336000
AAPL,1/10/18,43.290001,43.575001,43.25,43.572498,41.620518,95839600
AAPL,1/11/18,43.647499,43.872501,43.622501,43.82,41.85693,74670800
AAPL,1/12/18,44.044998,44.34,43.912498,44.272499,42.289162,101672400
AAPL,1/16/18,44.474998,44.8475,44.035,44.047501,42.074238,118263600
AAPL,1/17/18,44.037498,44.8125,43.767502,44.775002,42.769154,137547200
AAPL,1/18/18,44.842499,45.025002,44.5625,44.814999,42.807358,124773600
AAPL,1/19/18,44.6525,44.895,44.352501,44.615002,42.616314,129700400
AAPL,1/22/18,44.325001,44.445,44.150002,44.25,42.267662,108434400
AAPL,1/23/18,44.325001,44.860001,44.205002,44.259998,42.277218,130756400
AAPL,1/24/18,44.3125,44.325001,43.299999,43.555,41.603809,204420400
AAPL,1/25/18,43.627499,43.737499,42.6325,42.7775,40.861137,166116000
AAPL,1/26/18,43,43,42.514999,42.877499,40.956654,156572000
AAPL,1/29/18,42.540001,42.540001,41.767502,41.990002,40.108917,202561600
AAPL,1/30/18,41.3825,41.842499,41.174999,41.7425,39.872501,184192800
AAPL,1/31/18,41.717499,42.110001,41.625,41.857498,39.982349,129915600
AAPL,2/1/18,41.7925,42.154999,41.689999,41.945,40.065929,188923200
AAPL,2/2/18,41.5,41.700001,40.025002,40.125,38.327457,346375200
AAPL,2/5/18,39.775002,40.970001,39,39.122501,37.369869,290954000
AAPL,2/6/18,38.7075,40.93,38.5,40.7575,38.931629,272975200
AAPL,2/7/18,40.772499,40.849998,39.767502,39.884998,38.098209,206434400
AAPL,2/8/18,40.072498,40.25,38.7575,38.787498,37.049881,217562000
AAPL,2/9/18,39.267502,39.4725,37.560001,39.102501,37.503059,282690400
AAPL,2/12/18,39.625,40.9725,39.377499,40.677502,39.013626,243278000
AAPL,2/13/18,40.487499,41.1875,40.412498,41.084999,39.404461,130196800
AAPL,2/14/18,40.759998,41.884998,40.720001,41.842499,40.130978,162579600
AAPL,2/15/18,42.447498,43.272499,42.25,43.247501,41.478508,204588800
AAPL,2/16/18,43.09,43.705002,42.942501,43.107498,41.344231,160704400
AAPL,2/20/18,43.012501,43.564999,42.855,42.962502,41.205158,135722000
AAPL,2/21/18,43.2075,43.529999,42.752499,42.767502,41.018143,149886400
AAPL,2/22/18,42.950001,43.487499,42.927502,43.125,41.361015,123967600
AAPL,2/23/18,43.4175,43.912498,43.384998,43.875,42.080345,135249600
AAPL,2/26/18,44.087502,44.8475,44.052502,44.7425,42.912361,152648800
AAPL,2/27/18,44.775002,45.119999,44.540001,44.5975,42.773289,155712400
AAPL,2/28/18,44.814999,45.154999,44.512501,44.529999,42.708553,151128400
AAPL,3/1/18,44.634998,44.945,43.165001,43.75,41.960449,195208000
AAPL,3/2/18,43.200001,44.075001,43.112499,44.052502,42.250576,153816000
AAPL,3/5/18,43.802502,44.435001,43.630001,44.205002,42.396835,113605600
AAPL,3/6/18,44.477501,44.5625,44.032501,44.1675,42.360874,95154000
AAPL,3/7/18,43.735001,43.962502,43.567501,43.7575,41.967648,126814000
AAPL,3/8/18,43.869999,44.279999,43.767502,44.235001,42.425617,95096400
AAPL,3/9/18,44.490002,45,44.3475,44.994999,43.154526,128740800
AAPL,3/12/18,45.072498,45.5975,45.052502,45.43,43.571735,128828400
AAPL,3/13/18,45.647499,45.875,44.810001,44.9925,43.152134,126774000
AAPL,3/14/18,45.080002,45.130001,44.452499,44.610001,42.785271,117473600
AAPL,3/15/18,44.625,45.060001,44.517502,44.662498,42.835629,90975200
AAPL,3/16/18,44.662498,44.779999,44.404999,44.505001,42.68457,157618800
AAPL,3/19/18,44.330002,44.3675,43.415001,43.825001,42.032383,133787200
AAPL,3/20/18,43.810001,44.200001,43.735001,43.810001,42.017998,78597600
AAPL,3/21/18,43.759998,43.772499,42.814999,42.817501,41.066093,148219600
AAPL,3/22/18,42.5,43.169998,42.150002,42.212502,40.485847,165963200
AAPL,3/23/18,42.0975,42.48,41.235001,41.235001,39.548325,164115200
AAPL,3/26/18,42.017502,43.275002,41.610001,43.192501,41.425758,150164800
AAPL,3/27/18,43.419998,43.787498,41.73,42.084999,40.36356,163690400
AAPL,3/28/18,41.8125,42.505001,41.297501,41.619999,39.917572,166674000
AAPL,3/29/18,41.952499,42.9375,41.724998,41.945,40.229282,153594000
AAPL,4/2/18,41.66,42.235001,41.1175,41.669998,39.96553,150347200
AAPL,4/3/18,41.91,42.1875,41.220001,42.0975,40.375546,121112000
AAPL,4/4/18,41.220001,43.002499,41.192501,42.9025,41.147614,138422000
AAPL,4/5/18,43.145,43.557499,43.02,43.200001,41.432945,107732800
AAPL,4/6/18,42.7425,43.119999,42.049999,42.095001,40.373154,140021200
AAPL,4/9/18,42.470001,43.272499,42.462502,42.512501,40.773575,116070800
AAPL,4/10/18,43.25,43.5,42.8825,43.3125,41.540848,113634400
AAPL,4/11/18,43.057499,43.48,42.924999,43.110001,41.346634,89726400
AAPL,4/12/18,43.352501,43.75,43.259998,43.535,41.75425,91557200
AAPL,4/13/18,43.695,43.959999,43.462502,43.682499,41.89571,100497200
AAPL,4/16/18,43.7575,44.047501,43.7075,43.955002,42.157066,86313600
AAPL,4/17/18,44.122501,44.735001,44.102501,44.560001,42.737316,106421600
AAPL,4/18/18,44.452499,44.705002,44.220001,44.459999,42.641407,83018000
AAPL,4/19/18,43.439999,43.8475,43.165001,43.200001,41.432945,139235200
AAPL,4/20/18,42.650002,42.805,41.357498,41.43,39.735344,261964400
AAPL,4/23/18,41.7075,41.73,41.022499,41.310001,39.620255,146062000
AAPL,4/24/18,41.4175,41.5825,40.305,40.735001,39.068779,134768000
AAPL,4/25/18,40.654999,41.355,40.602501,40.912498,39.239017,113528400
AAPL,4/26/18,41.029999,41.432499,40.842499,41.055,39.375687,111852000
AAPL,4/27/18,41,41.0825,40.157501,40.580002,38.92012,142623200
AAPL,4/30/18,40.532501,41.814999,40.459999,41.314999,39.625046,169709600
AAPL,5/1/18,41.602501,42.299999,41.317501,42.275002,40.545784,214277600
AAPL,5/2/18,43.807499,44.4375,43.450001,44.142502,42.336899,266157600
AAPL,5/3/18,43.970001,44.375,43.610001,44.2225,42.413624,136272800
AAPL,5/4/18,44.5625,46.0625,44.5425,45.9575,44.077667,224805200
AAPL,5/7/18,46.294998,46.9175,46.1875,46.290001,44.396561,169805600
AAPL,5/8/18,46.247501,46.555,45.9175,46.512501,44.609951,113611200
AAPL,5/9/18,46.637501,46.849998,46.305,46.84,44.924065,92844800
AAPL,5/10/18,46.935001,47.592499,46.912498,47.509998,45.566647,111957200
AAPL,5/11/18,47.372501,47.514999,46.862499,47.147499,45.393349,104848800
AAPL,5/14/18,47.252499,47.3825,46.965,47.037498,45.287441,83115200
AAPL,5/15/18,46.695,46.767502,46.275002,46.610001,44.875847,94780800
AAPL,5/16/18,46.517502,47.115002,46.5,47.044998,45.294659,76732400
AAPL,5/17/18,47,47.227501,46.59,46.747501,45.008228,69176000
AAPL,5/18/18,46.797501,46.952499,46.532501,46.577499,44.844555,73190800
AAPL,5/21/18,47,47.317501,46.727501,46.907501,45.162281,73603200
AAPL,5/22/18,47.095001,47.220001,46.695,46.790001,45.04916,60962800
AAPL,5/23/18,46.587502,47.125,46.439999,47.09,45.337986,80233600
AAPL,5/24/18,47.192501,47.209999,46.552502,47.037498,45.287441,92936000
AAPL,5/25/18,47.057499,47.412498,46.912498,47.145,45.390942,69844000
AAPL,5/29/18,46.900002,47.1875,46.717499,46.974998,45.227261,90056400
AAPL,5/30/18,46.93,47,46.695,46.875,45.130985,74762000
AAPL,5/31/18,46.805,47.057499,46.535,46.717499,44.979347,109931200
AAPL,6/1/18,46.997501,47.564999,46.9375,47.560001,45.790504,93770000
AAPL,6/4/18,47.91,48.355,47.837502,47.9575,46.17321,105064800
AAPL,6/5/18,48.267502,48.485001,48.09,48.327499,46.529446,86264000
AAPL,6/6/18,48.407501,48.52,47.98,48.494999,46.690704,83734400
AAPL,6/7/18,48.535,48.549999,48.084999,48.365002,46.565544,85388800
AAPL,6/8/18,47.7925,48,47.442501,47.924999,46.141926,106627200
AAPL,6/11/18,47.837502,47.9925,47.552502,47.807499,46.028793,73234000
AAPL,6/12/18,47.8475,48.1525,47.787498,48.07,46.281528,67644400
AAPL,6/13/18,48.105,48.220001,47.610001,47.674999,45.901218,86553600
AAPL,6/14/18,47.887501,47.892502,47.555,47.700001,45.925293,86440400
AAPL,6/15/18,47.5075,47.540001,47.064999,47.209999,45.453518,246876800
AAPL,6/18/18,46.970001,47.305,46.799999,47.185001,45.429462,73939600
AAPL,6/19/18,46.285,46.5825,45.862499,46.422501,44.695316,134314000
AAPL,6/20/18,46.587502,46.799999,46.432499,46.625,44.890289,82514800
AAPL,6/21/18,46.8125,47.087502,46.235001,46.365002,44.639961,102847600
AAPL,6/22/18,46.529999,46.537498,46.174999,46.23,44.509991,108801600
AAPL,6/25/18,45.849998,46.23,45.182499,45.5425,43.848072,126652400
AAPL,6/26/18,45.747501,46.6325,45.634998,46.107498,44.392044,98276800
AAPL,6/27/18,46.307499,46.82,46.0075,46.040001,44.327045,101141200
AAPL,6/28/18,46.025002,46.552502,45.950001,46.375,44.649597,69460800
AAPL,6/29/18,46.572498,46.797501,45.727501,46.2775,44.555721,90950800
AAPL,7/2/18,45.955002,46.825001,45.855,46.794998,45.053963,70925200
AAPL,7/3/18,46.947498,46.987499,45.884998,45.98,44.269283,55819200
AAPL,7/5/18,46.314999,46.602501,46.07,46.349998,44.625519,66416800
AAPL,7/6/18,46.355,47.107498,46.299999,46.9925,45.24411,69940800
AAPL,7/9/18,47.375,47.669998,47.325001,47.645,45.872334,79026400
AAPL,7/10/18,47.677502,47.82,47.544998,47.587502,45.816978,63756400
AAPL,7/11/18,47.125,47.445,46.9025,46.970001,45.222454,75326000
AAPL,7/12/18,47.3825,47.852501,47.327499,47.7575,45.980652,72164400
AAPL,7/13/18,47.77,47.959999,47.724998,47.8325,46.05286,50055600
AAPL,7/16/18,47.880001,48.162498,47.605,47.727501,45.951767,60172400
AAPL,7/17/18,47.4375,47.967499,47.299999,47.862499,46.081745,62138000
AAPL,7/18/18,47.945,47.950001,47.482498,47.599998,45.82901,65573600
AAPL,7/19/18,47.422501,48.137501,47.422501,47.970001,46.185246,81147200
AAPL,7/20/18,47.945,48.107498,47.5425,47.860001,46.079334,82704800
AAPL,7/23/18,47.669998,47.990002,47.389999,47.9025,46.120258,63957600
AAPL,7/24/18,48.112499,48.415001,48.012501,48.25,46.454834,74791600
AAPL,7/25/18,48.264999,48.712502,48.107498,48.705002,46.892899,66839600
AAPL,7/26/18,48.6525,48.990002,48.4025,48.552502,46.746071,76304000
AAPL,7/27/18,48.747501,48.797501,47.525002,47.744999,45.96862,96096000
AAPL,7/30/18,47.974998,48.049999,47.267502,47.477501,45.711075,84118000
AAPL,7/31/18,47.575001,48.035,47.334999,47.572498,45.802532,157492000
AAPL,8/1/18,49.782501,50.439999,49.327499,50.375,48.500763,271742800
AAPL,8/2/18,50.145,52.095001,50.087502,51.8475,49.918484,249616000
AAPL,8/3/18,51.7575,52.185001,51.369999,51.997501,50.062901,133789600
AAPL,8/6/18,52,52.3125,51.767502,52.267502,50.322865,101701600
AAPL,8/7/18,52.330002,52.375,51.689999,51.7775,49.851086,102349600
AAPL,8/8/18,51.512501,51.952499,51.130001,51.8125,49.884785,90102000
AAPL,8/9/18,52.3825,52.445,51.799999,52.220001,50.27713,93970400
AAPL,8/10/18,51.84,52.275002,51.6675,51.8825,50.127369,98444800
AAPL,8/13/18,52.327499,52.737499,51.924999,52.217499,50.451035,103563600
AAPL,8/14/18,52.540001,52.639999,52.064999,52.4375,50.663597,82992000
AAPL,8/15/18,52.305,52.685001,52.0825,52.560001,50.781948,115230400
AAPL,8/16/18,52.9375,53.452499,52.8675,53.330002,51.525906,114001600
AAPL,8/17/18,53.360001,54.487499,53.290001,54.395,52.554871,141708000
AAPL,8/20/18,54.525002,54.794998,53.7775,53.865002,52.042805,121150800
AAPL,8/21/18,54.200001,54.297501,53.5075,53.759998,51.941345,104639200
AAPL,8/22/18,53.525002,54.09,53.459999,53.762501,51.943771,76072400
AAPL,8/23/18,53.662498,54.262501,53.650002,53.872501,52.050053,75532800
AAPL,8/24/18,54.150002,54.224998,53.7775,54.040001,52.211884,73905600
AAPL,8/27/18,54.287498,54.685001,54.0825,54.485001,52.64183,82100400
AAPL,8/28/18,54.752499,55.134998,54.73,54.924999,53.066944,91107200
AAPL,8/29/18,55.037498,55.872501,54.852501,55.744999,53.8592,109019200
AAPL,8/30/18,55.8125,57.064999,55.599998,56.2575,54.35437,195175200
AAPL,8/31/18,56.627499,57.217499,56.5,56.907501,54.98238,173360400
AAPL,9/4/18,57.102501,57.294998,56.657501,57.09,55.158699,109560400
AAPL,9/5/18,57.247501,57.4175,56.275002,56.717499,54.798809,133332000
AAPL,9/6/18,56.557499,56.837502,55.325001,55.775002,53.888187,137160000
AAPL,9/7/18,55.462502,56.342499,55.177502,55.325001,53.453411,150479200
AAPL,9/10/18,55.237499,55.462502,54.1175,54.5825,52.736031,158066000
AAPL,9/11/18,54.502499,56.075001,54.139999,55.962502,54.069347,142996000
AAPL,9/12/18,56.235001,56.25,54.959999,55.267502,53.397858,197114800
AAPL,9/13/18,55.880001,57.087502,55.642502,56.602501,54.687698,166825600
AAPL,9/14/18,56.4375,56.709999,55.630001,55.959999,54.066925,127997200
AAPL,9/17/18,55.537498,55.737499,54.317501,54.470001,52.627327,148780400
AAPL,9/18/18,54.447498,55.462502,54.279999,54.560001,52.714287,126286800
AAPL,9/19/18,54.625,54.904999,53.825001,54.592499,52.745689,108495200
AAPL,9/20/18,55.060001,55.57,54.787498,55.0075,53.146656,106435200
AAPL,9/21/18,55.195,55.34,54.322498,54.415001,52.574196,384986800
AAPL,9/24/18,54.205002,55.314999,54.157501,55.197498,53.330227,110773600
AAPL,9/25/18,54.9375,55.705002,54.924999,55.547501,53.668381,98217600
AAPL,9/26/18,55.25,55.9375,54.939999,55.105,53.240852,95938800
AAPL,9/27/18,55.955002,56.610001,55.884998,56.237499,54.335037,120724800
AAPL,9/28/18,56.197498,56.459999,56.005001,56.435001,54.525864,91717600
AAPL,10/1/18,56.987499,57.355,56.587502,56.814999,54.893002,94403200
AAPL,10/2/18,56.8125,57.5,56.657501,57.32,55.380924,99152800
AAPL,10/3/18,57.512501,58.3675,57.445,58.017502,56.054829,114619200
AAPL,10/4/18,57.695,58.087502,56.682499,56.997501,55.069336,128168000
AAPL,10/5/18,56.990002,57.102501,55.145,56.072498,54.175625,134322000
AAPL,10/8/18,55.552502,56.200001,55.049999,55.942501,54.050026,118655600
AAPL,10/9/18,55.91,56.817501,55.5625,56.717499,54.798809,107564000
AAPL,10/10/18,56.365002,56.587502,54.012501,54.09,52.260181,167962400
AAPL,10/11/18,53.630001,54.875,53.080002,53.612499,51.79884,212497600
AAPL,10/12/18,55.105,55.720001,54.209999,55.5275,53.649059,161351600
AAPL,10/15/18,55.290001,55.4575,54.317501,54.34,52.501732,123164000
AAPL,10/16/18,54.732498,55.747501,54.189999,55.537498,53.658718,116736000
AAPL,10/17/18,55.575001,55.66,54.834999,55.297501,53.426846,91541600
AAPL,10/18/18,54.465,54.935001,53.25,54.005001,52.178062,130325200
AAPL,10/19/18,54.514999,55.314999,54.357498,54.827499,52.972744,132314800
AAPL,10/22/18,54.947498,55.84,54.735001,55.162498,53.296406,115168400
AAPL,10/23/18,53.9575,55.8125,53.674999,55.682499,53.798817,155071200
AAPL,10/24/18,55.650002,56.057499,53.634998,53.772499,51.95343,163702000
AAPL,10/25/18,54.427502,55.345001,54.1875,54.950001,53.091106,119423200
AAPL,10/26/18,53.974998,55.047501,53.1675,54.075001,52.245697,189033600
AAPL,10/29/18,54.797501,54.922501,51.522499,53.060001,51.26503,183742000
AAPL,10/30/18,52.787498,53.794998,52.317501,53.325001,51.521072,146640000
AAPL,10/31/18,54.220001,55.112499,54.154999,54.715,52.864052,153435600
AAPL,11/1/18,54.762501,55.59,54.202499,55.555,53.675629,233292800
AAPL,11/2/18,52.387501,53.412498,51.357498,51.869999,50.115284,365314800
AAPL,11/5/18,51.075001,51.0975,49.5425,50.397499,48.692604,264654800
AAPL,11/6/18,50.48,51.18,50.422501,50.942501,49.219166,127531600
AAPL,11/7/18,51.4925,52.514999,51.032501,52.487499,50.711903,133697600
AAPL,11/8/18,52.494999,52.529999,51.6875,52.122501,50.534962,101450400
AAPL,11/9/18,51.387501,51.502499,50.5625,51.1175,49.560574,137463200
AAPL,11/12/18,49.75,49.962502,48.447498,48.5425,47.064007,204542000
AAPL,11/13/18,47.907501,49.294998,47.862499,48.057499,46.593765,187531600
AAPL,11/14/18,48.474998,48.619999,46.482498,46.700001,45.277622,243204000
AAPL,11/15/18,47.0975,47.9925,46.724998,47.852501,46.395016,185915200
AAPL,11/16/18,47.625,48.7425,47.365002,48.3825,46.908875,147713200
AAPL,11/19/18,47.5,47.674999,46.247501,46.465,45.049782,167701200
AAPL,11/20/18,44.592499,45.3675,43.877499,44.244999,42.897388,271300800
AAPL,11/21/18,44.932499,45.067501,44.137501,44.195,42.848923,124496800
AAPL,11/23/18,43.735001,44.150002,43.025002,43.072498,41.760609,94496000
AAPL,11/26/18,43.560001,43.737499,42.564999,43.654999,42.325363,179994000
AAPL,11/27/18,42.877499,43.692501,42.720001,43.560001,42.233261,165549600
AAPL,11/28/18,44.182499,45.322498,43.732498,45.235001,43.857239,184250000
AAPL,11/29/18,45.665001,45.700001,44.424999,44.887501,43.520321,167080000
AAPL,11/30/18,45.072498,45.0825,44.2575,44.645,43.285206,158126000
AAPL,12/3/18,46.115002,46.235001,45.302502,46.205002,44.797695,163210000
AAPL,12/4/18,45.237499,45.5975,44.067501,44.172501,42.827099,165377200
AAPL,12/6/18,42.939999,43.695,42.605,43.68,42.349606,172393600
AAPL,12/7/18,43.372501,43.622501,42.075001,42.122501,40.839531,169126400
AAPL,12/10/18,41.25,42.522499,40.8325,42.400002,41.108593,248104000
AAPL,12/11/18,42.915001,42.947498,41.75,42.157501,40.873478,189126800
AAPL,12/12/18,42.599998,42.98,42.255001,42.275002,40.9874,142510800
AAPL,12/13/18,42.622501,43.142502,42.387501,42.737499,41.435802,127594400
AAPL,12/14/18,42.25,42.27,41.32,41.369999,40.109955,162814800
AAPL,12/17/18,41.362499,42.087502,40.682499,40.985001,39.736683,177151600
AAPL,12/18/18,41.345001,41.8825,41.0975,41.517502,40.252968,135366000
AAPL,12/19/18,41.5,41.862499,39.772499,40.2225,38.99741,196189200
AAPL,12/20/18,40.099998,40.5275,38.825001,39.2075,38.013325,259092000
AAPL,12/21/18,39.215,39.540001,37.407501,37.682499,36.534763,382978400
AAPL,12/24/18,37.037498,37.887501,36.647499,36.7075,35.589474,148676800
AAPL,12/26/18,37.075001,39.307499,36.68,39.2925,38.095737,234330000
AAPL,12/27/18,38.959999,39.192501,37.517502,39.037498,37.848499,212468400
AAPL,12/28/18,39.375,39.630001,38.637501,39.057499,37.867897,169165600
AAPL,12/31/18,39.6325,39.84,39.119999,39.435001,38.233894,140014000
AAPL,1/2/19,38.7225,39.712502,38.557499,39.48,38.277527,148158800
AAPL,1/3/19,35.994999,36.43,35.5,35.547501,34.464802,365248800
AAPL,1/4/19,36.1325,37.137501,35.950001,37.064999,35.936085,234428400
AAPL,1/7/19,37.174999,37.2075,36.474998,36.982498,35.856091,219111200
AAPL,1/8/19,37.389999,37.955002,37.130001,37.6875,36.539616,164101200
AAPL,1/9/19,37.822498,38.6325,37.407501,38.327499,37.160122,180396400
AAPL,1/10/19,38.125,38.4925,37.715,38.450001,37.278893,143122800
AAPL,1/11/19,38.220001,38.424999,37.877499,38.072498,36.912888,108092800
AAPL,1/14/19,37.712502,37.817501,37.305,37.5,36.357826,129756800
AAPL,1/15/19,37.567501,38.3475,37.512501,38.267502,37.101959,114843600
AAPL,1/16/19,38.27,38.970001,38.25,38.735001,37.555222,122278800
AAPL,1/17/19,38.549999,39.415001,38.314999,38.965,37.778206,119284800
AAPL,1/18/19,39.375,39.470001,38.994999,39.205002,38.010906,135004000
AAPL,1/22/19,39.102501,39.182499,38.154999,38.325001,37.157703,121576000
AAPL,1/23/19,38.537498,38.785,37.924999,38.48,37.307987,92522400
AAPL,1/24/19,38.5275,38.619999,37.935001,38.174999,37.012276,101766000
AAPL,1/25/19,38.869999,39.532501,38.580002,39.439999,38.238735,134142000
AAPL,1/28/19,38.947498,39.0825,38.415001,39.075001,37.884865,104768400
AAPL,1/29/19,39.0625,39.532501,38.5275,38.669998,37.492195,166348800
AAPL,1/30/19,40.8125,41.537498,40.057499,41.3125,40.054207,244439200
AAPL,1/31/19,41.5275,42.25,41.139999,41.610001,40.342651,162958400
AAPL,2/1/19,41.740002,42.244999,41.482498,41.630001,40.362038,130672400
AAPL,2/4/19,41.852501,42.915001,41.82,42.8125,41.508526,125982000
AAPL,2/5/19,43.215,43.77,43.087502,43.544998,42.218712,144406400
AAPL,2/6/19,43.662498,43.892502,43.212502,43.560001,42.233261,112958400
AAPL,2/7/19,43.099998,43.485001,42.584999,42.735001,41.433388,126966800
AAPL,2/8/19,42.247501,42.665001,42.105,42.602501,41.482071,95280000
AAPL,2/11/19,42.762501,42.802502,42.3125,42.357498,41.243515,83973600
AAPL,2/12/19,42.525002,42.75,42.424999,42.7225,41.598919,89134000
AAPL,2/13/19,42.8475,43.119999,42.48,42.544998,41.426079,89960800
AAPL,2/14/19,42.427502,42.814999,42.345001,42.700001,41.577003,87342800
AAPL,2/15/19,42.8125,42.924999,42.4375,42.605,41.484505,98507200
AAPL,2/19/19,42.427502,42.860001,42.372501,42.732498,41.60865,75891200
AAPL,2/20/19,42.797501,43.330002,42.747501,43.0075,41.876423,104457600
AAPL,2/21/19,42.950001,43.092499,42.575001,42.764999,41.640293,68998800
AAPL,2/22/19,42.895,43.25,42.845001,43.2425,42.10524,75652800
AAPL,2/25/19,43.540001,43.967499,43.487499,43.557499,42.411957,87493600
AAPL,2/26/19,43.427502,43.825001,43.2925,43.5825,42.436291,68280800
AAPL,2/27/19,43.302502,43.75,43.182499,43.717499,42.567738,111341600
AAPL,2/28/19,43.580002,43.727501,43.23,43.287498,42.149048,112861600
AAPL,3/1/19,43.57,43.787498,43.2225,43.7425,42.592091,103544800
AAPL,3/4/19,43.922501,44.4375,43.4925,43.962502,42.806305,109744800
AAPL,3/5/19,43.985001,44,43.634998,43.8825,42.728401,78949600
AAPL,3/6/19,43.6675,43.872501,43.485001,43.630001,42.482552,83241600
AAPL,3/7/19,43.467499,43.610001,43.005001,43.125,41.990826,99185600
AAPL,3/8/19,42.580002,43.267502,42.375,43.227501,42.090633,95997600
AAPL,3/11/19,43.872501,44.779999,43.837502,44.724998,43.548748,128044000
AAPL,3/12/19,45,45.6675,44.842499,45.227501,44.038033,129870400
AAPL,3/13/19,45.5625,45.825001,45.23,45.427502,44.232765,124130000
AAPL,3/14/19,45.974998,46.025002,45.639999,45.932499,44.724483,94318000
AAPL,3/15/19,46.212502,46.8325,45.935001,46.529999,45.306278,156171600
AAPL,3/18/19,46.450001,47.0975,46.447498,47.005001,45.768787,104879200
AAPL,3/19/19,47.087502,47.247501,46.48,46.6325,45.406082,126585600
AAPL,3/20/19,46.557499,47.372501,46.182499,47.040001,45.802864,124140800
AAPL,3/21/19,47.505001,49.0825,47.452499,48.772499,47.489796,204136800
AAPL,3/22/19,48.834999,49.422501,47.695,47.762501,46.506363,169630800
AAPL,3/25/19,47.877499,47.994999,46.650002,47.185001,45.94405,175381200
AAPL,3/26/19,47.915001,48.220001,46.145,46.697498,45.469372,199202000
AAPL,3/27/19,47.1875,47.439999,46.637501,47.1175,45.87833,119393600
AAPL,3/28/19,47.237499,47.389999,46.8825,47.18,45.939186,83121600
AAPL,3/29/19,47.4575,47.52,47.134998,47.487499,46.23859,94256000
AAPL,4/1/19,47.91,47.919998,47.095001,47.810001,46.552616,111448000
AAPL,4/2/19,47.772499,48.615002,47.762501,48.505001,47.229336,91062800
AAPL,4/3/19,48.3125,49.125,48.287498,48.837502,47.553085,93087200
AAPL,4/4/19,48.697498,49.092499,48.285,48.922501,47.635849,76457200
AAPL,4/5/19,49.112499,49.275002,48.982498,49.25,47.954739,74106400
AAPL,4/8/19,49.105,50.057499,49.084999,50.025002,48.709362,103526800
AAPL,4/9/19,50.080002,50.712502,49.807499,49.875,48.563301,143072800
AAPL,4/10/19,49.669998,50.185001,49.544998,50.154999,48.835941,86781200
AAPL,4/11/19,50.212502,50.25,49.610001,49.737499,48.42942,83603200
AAPL,4/12/19,49.799999,50.035,49.052502,49.717499,48.409946,111042800
AAPL,4/15/19,49.645,49.962502,49.502499,49.807499,48.497581,70146400
AAPL,4/16/19,49.865002,50.342499,49.639999,49.8125,48.502445,102785600
AAPL,4/17/19,49.884998,50.845001,49.6525,50.782501,49.446941,115627200
AAPL,4/18/19,50.779999,51.037498,50.630001,50.965,49.624638,96783200
AAPL,4/22/19,50.7075,51.235001,50.584999,51.1325,49.787735,77758000
AAPL,4/23/19,51.107498,51.9375,50.974998,51.869999,50.505833,93292000
AAPL,4/24/19,51.84,52.119999,51.762501,51.790001,50.427937,70162400
AAPL,4/25/19,51.7075,51.939999,51.279999,51.32,49.970306,74172800
AAPL,4/26/19,51.224998,51.25,50.529999,51.075001,49.731747,74596400
AAPL,4/29/19,51.099998,51.4925,50.965,51.1525,49.807205,88818800
AAPL,4/30/19,50.764999,50.849998,49.7775,50.1675,48.848114,186139600
AAPL,5/1/19,52.470001,53.827499,52.307499,52.630001,51.245853,259309200
AAPL,5/2/19,52.459999,53.162498,52.032501,52.287498,50.912354,127985200
AAPL,5/3/19,52.7225,52.959999,52.557499,52.9375,51.545261,83569600
AAPL,5/6/19,51.072498,52.209999,50.875,52.119999,50.74926,129772400
AAPL,5/7/19,51.470001,51.855,50.2075,50.715,49.381214,155054800
AAPL,5/8/19,50.474998,51.334999,50.4375,50.724998,49.390953,105358000
AAPL,5/9/19,50.099998,50.419998,49.165001,50.18,48.860283,139634400
AAPL,5/10/19,49.355,49.712502,48.192501,49.294998,48.183395,164834800
AAPL,5/13/19,46.927502,47.369999,45.712502,46.43,45.383003,229722400
AAPL,5/14/19,46.602501,47.424999,46.352501,47.165001,46.101437,146118800
AAPL,5/15/19,46.567501,47.9375,46.505001,47.73,46.653687,106178800
AAPL,5/16/19,47.477501,48.1175,47.209999,47.52,46.448429,132125600
AAPL,5/17/19,46.732498,47.724998,46.689999,47.25,46.184513,131516400
AAPL,5/20/19,45.880001,46.087502,45.07,45.772499,44.740326,154449200
AAPL,5/21/19,46.305,47,46.174999,46.650002,45.598045,113459200
AAPL,5/22/19,46.165001,46.427502,45.637501,45.695,44.664581,118994400
AAPL,5/23/19,44.950001,45.134998,44.452499,44.915001,43.902168,146118800
AAPL,5/24/19,45.049999,45.535,44.654999,44.7425,43.733559,94858800
AAPL,5/28/19,44.73,45.147499,44.477501,44.557499,43.552731,111792800
AAPL,5/29/19,44.105,44.837502,44,44.345001,43.345028,113924800
AAPL,5/30/19,44.487499,44.807499,44.1675,44.575001,43.569836,84873600
AAPL,5/31/19,44.057499,44.497501,43.747501,43.767502,42.780544,108174400
AAPL,6/3/19,43.900002,44.48,42.567501,43.325001,42.348022,161584400
AAPL,6/4/19,43.860001,44.9575,43.630001,44.91,43.897285,123872000
AAPL,6/5/19,46.07,46.247501,45.285,45.634998,44.605927,119093600
AAPL,6/6/19,45.77,46.3675,45.537498,46.305,45.260826,90105200
AAPL,6/7/19,46.627499,47.98,46.442501,47.537498,46.465523,122737600
AAPL,6/10/19,47.952499,48.842499,47.904999,48.145,47.059338,104883600
AAPL,6/11/19,48.715,49,48.400002,48.702499,47.604263,107731600
AAPL,6/12/19,48.487499,48.9925,48.3475,48.547501,47.452755,73012800
AAPL,6/13/19,48.674999,49.197498,48.400002,48.537498,47.442974,86698400
AAPL,6/14/19,47.887501,48.397499,47.575001,48.185001,47.098427,75046000
AAPL,6/17/19,48.224998,48.740002,48.0425,48.4725,47.379448,58676400
AAPL,6/18/19,49.012501,50.072498,48.802502,49.612499,48.49374,106204000
AAPL,6/19/19,49.919998,49.970001,49.327499,49.467499,48.352005,84496800
AAPL,6/20/19,50.092499,50.1525,49.5075,49.865002,48.740547,86056000
AAPL,6/21/19,49.700001,50.212502,49.537498,49.695,48.574379,191202400
AAPL,6/24/19,49.634998,50.040001,49.5425,49.645,48.525509,72881600
AAPL,6/25/19,49.607498,49.814999,48.822498,48.892502,47.789974,84281200
AAPL,6/26/19,49.442501,50.247501,49.337502,49.950001,48.823631,104270000
AAPL,6/27/19,50.072498,50.392502,49.892502,49.935001,48.808975,83598800
AAPL,6/28/19,49.669998,49.875,49.262501,49.48,48.364227,124442400
AAPL,7/1/19,50.7925,51.122501,50.162498,50.387501,49.251266,109012000
AAPL,7/2/19,50.352501,50.782501,50.34,50.682499,49.539604,67740800
AAPL,7/3/19,50.82,51.110001,50.672501,51.102501,49.950138,45448000
AAPL,7/5/19,50.837502,51.27,50.724998,51.057499,49.906151,69062000
AAPL,7/8/19,50.202499,50.349998,49.602501,50.005001,48.877388,101354400
AAPL,7/9/19,49.799999,50.377499,49.702499,50.310001,49.175514,82312000
AAPL,7/10/19,50.462502,50.932499,50.389999,50.807499,49.661797,71588400
AAPL,7/11/19,50.827499,51.0975,50.427502,50.4375,49.300133,80767200
AAPL,7/12/19,50.612499,51,50.549999,50.825001,49.678902,70380800
AAPL,7/15/19,51.022499,51.467499,51,51.302502,50.14563,67789600
AAPL,7/16/19,51.147499,51.5275,50.875,51.125,49.972134,67467200
AAPL,7/17/19,51.012501,51.272499,50.817501,50.837502,49.691116,56430000
AAPL,7/18/19,51,51.470001,50.924999,51.415001,50.255589,74162400
AAPL,7/19/19,51.447498,51.625,50.59,50.647499,49.505398,83717200
AAPL,7/22/19,50.912498,51.807499,50.9025,51.805,50.636803,89111600
AAPL,7/23/19,52.115002,52.227501,51.822498,52.209999,51.032669,73420800
AAPL,7/24/19,51.9175,52.287498,51.7925,52.1675,50.991127,59966400
AAPL,7/25/19,52.2225,52.310001,51.682499,51.755001,50.587925,55638400
AAPL,7/26/19,51.869999,52.432499,51.785,51.935001,50.76387,70475600
AAPL,7/29/19,52.115002,52.66,52.110001,52.419998,51.23793,86693600
AAPL,7/30/19,52.189999,52.540001,51.827499,52.195,51.018002,135742800
AAPL,7/31/19,54.105,55.342499,52.825001,53.259998,52.058987,277125600
AAPL,8/1/19,53.474998,54.5075,51.685001,52.107498,50.932476,216071600
AAPL,8/2/19,51.3825,51.607498,50.407501,51.005001,49.854843,163448400
AAPL,8/5/19,49.497501,49.662498,48.145,48.334999,47.245049,209572000
AAPL,8/6/19,49.077499,49.517502,48.509998,49.25,48.13942,143299200
AAPL,8/7/19,48.852501,49.889999,48.455002,49.759998,48.637909,133457600
AAPL,8/8/19,50.049999,50.8825,49.8475,50.857498,49.710659,108038000
AAPL,8/9/19,50.325001,50.689999,49.822498,50.247501,49.301037,98478800
AAPL,8/12/19,49.904999,50.512501,49.787498,50.119999,49.17593,89927600
AAPL,8/13/19,50.255001,53.035,50.119999,52.2425,51.258453,188874000
AAPL,8/14/19,50.790001,51.610001,50.647499,50.6875,49.732742,146189600
AAPL,8/15/19,50.865002,51.285,49.9175,50.435001,49.485001,108909600
AAPL,8/16/19,51.07,51.790001,50.959999,51.625,50.652584,110481600
AAPL,8/19/19,52.654999,53.182499,52.5075,52.587502,51.596958,97654400
AAPL,8/20/19,52.720001,53.337502,52.580002,52.59,51.599407,107537200
AAPL,8/21/19,53.247501,53.412498,52.900002,53.16,52.158669,86141600
AAPL,8/22/19,53.297501,53.610001,52.6875,53.115002,52.114525,89014800
AAPL,8/23/19,52.357498,53.012501,50.25,50.66,49.705757,187272000
AAPL,8/26/19,51.465,51.797501,51.264999,51.622501,50.650135,104174400
AAPL,8/27/19,51.965,52.137501,50.8825,51.040001,50.078594,103493200
AAPL,8/28/19,51.025002,51.43,50.830002,51.3825,50.414654,63755200
AAPL,8/29/19,52.125,52.330002,51.665001,52.252499,51.268269,83962000
AAPL,8/30/19,52.540001,52.612499,51.799999,52.185001,51.202034,84573600
AAPL,9/3/19,51.607498,51.744999,51.055,51.424999,50.456345,80092000
AAPL,9/4/19,52.0975,52.369999,51.830002,52.297501,51.31242,76752400
AAPL,9/5/19,53,53.4925,52.877499,53.32,52.315655,95654800
AAPL,9/6/19,53.512501,53.605,53.127499,53.314999,52.310745,77449200
AAPL,9/9/19,53.709999,54.110001,52.767502,53.5425,52.533966,109237600
AAPL,9/10/19,53.465,54.195,52.927502,54.174999,53.154545,127111600
AAPL,9/11/19,54.517502,55.927502,54.432499,55.897499,54.844597,177158400
AAPL,9/12/19,56.200001,56.605,55.715,55.772499,54.721951,128906800
AAPL,9/13/19,55,55.197498,54.255001,54.6875,53.657394,159053200
AAPL,9/16/19,54.432499,55.032501,54.389999,54.974998,53.93948,84632400
AAPL,9/17/19,54.990002,55.205002,54.779999,55.174999,54.135715,73274800
AAPL,9/18/19,55.264999,55.712502,54.860001,55.692501,54.643467,101360000
AAPL,9/19/19,55.502499,55.939999,55.092499,55.240002,54.199493,88242400
AAPL,9/20/19,55.345001,55.639999,54.3675,54.432499,53.4072,221652400
AAPL,9/23/19,54.737499,54.959999,54.412498,54.68,53.650036,76662000
AAPL,9/24/19,55.2575,55.622501,54.297501,54.419998,53.394936,124763200
AAPL,9/25/19,54.637501,55.375,54.285,55.2575,54.21666,87613600
AAPL,9/26/19,55,55.235001,54.7075,54.9725,53.937027,75334000
AAPL,9/27/19,55.134998,55.240002,54.32,54.705002,53.674564,101408000
AAPL,9/30/19,55.224998,56.145,55.197498,55.9925,54.937824,103909600
AAPL,10/1/19,56.267502,57.055,56.049999,56.147499,55.089897,139223200
AAPL,10/2/19,55.764999,55.895,54.482498,54.740002,53.708912,138449200
AAPL,10/3/19,54.607498,55.240002,53.782501,55.205002,54.165161,114426000
AAPL,10/4/19,56.41,56.872501,55.9725,56.752499,55.683491,138478800
AAPL,10/7/19,56.567501,57.482498,56.459999,56.764999,55.695766,122306000
AAPL,10/8/19,56.455002,57.014999,56.0825,56.099998,55.043285,111820000
AAPL,10/9/19,56.7575,56.947498,56.41,56.7575,55.688404,74770400
AAPL,10/10/19,56.982498,57.610001,56.825001,57.522499,56.438995,113013600
AAPL,10/11/19,58.237499,59.41,58.077499,59.052502,57.940174,166795600
AAPL,10/14/19,58.724998,59.532501,58.6675,58.967499,57.856781,96427600
AAPL,10/15/19,59.0975,59.412498,58.720001,58.830002,57.721874,87360000
AAPL,10/16/19,58.342499,58.810001,58.299999,58.592499,57.488842,73903200
AAPL,10/17/19,58.772499,59.037498,58.380001,58.82,57.712063,67585200
AAPL,10/18/19,58.647499,59.395,58.572498,59.102501,57.989239,97433600
AAPL,10/21/19,59.380001,60.247501,59.330002,60.127499,58.994926,87247200
AAPL,10/22/19,60.290001,60.549999,59.904999,59.990002,58.86002,82293600
AAPL,10/23/19,60.525002,60.810001,60.305,60.794998,59.649857,75828800
AAPL,10/24/19,61.127499,61.200001,60.452499,60.895,59.747971,69275200
AAPL,10/25/19,60.790001,61.682499,60.720001,61.645,60.483845,73477200
AAPL,10/28/19,61.855,62.3125,61.68,62.262501,61.089718,96572800
AAPL,10/29/19,62.2425,62.4375,60.642502,60.822498,59.676838,142839600
AAPL,10/30/19,61.189999,61.325001,60.302502,60.814999,59.669468,124522000
AAPL,10/31/19,61.810001,62.2925,59.314999,62.189999,61.018574,139162000
AAPL,11/1/19,62.384998,63.982498,62.290001,63.955002,62.75034,151125200
AAPL,11/4/19,64.332497,64.462502,63.845001,64.375,63.162415,103272000
AAPL,11/5/19,64.262497,64.547501,64.080002,64.282501,63.071667,79897600
AAPL,11/6/19,64.192497,64.372498,63.842499,64.309998,63.09864,75864400
AAPL,11/7/19,64.684998,65.087502,64.527496,64.857498,63.826889,94940400
AAPL,11/8/19,64.672501,65.110001,64.212502,65.035004,64.001556,69986400
AAPL,11/11/19,64.574997,65.6175,64.57,65.550003,64.508385,81821200
AAPL,11/12/19,65.387497,65.697502,65.230003,65.489998,64.449333,87388800
AAPL,11/13/19,65.282501,66.195,65.267502,66.1175,65.066864,102734400
AAPL,11/14/19,65.9375,66.220001,65.525002,65.660004,64.616631,89182800
AAPL,11/15/19,65.919998,66.445,65.752502,66.440002,65.384247,100206400
AAPL,11/18/19,66.449997,66.857498,66.057503,66.775002,65.713913,86703200
AAPL,11/19/19,66.974998,67,66.347504,66.572502,65.514641,76167200
AAPL,11/20/19,66.385002,66.519997,65.099998,65.797501,64.751945,106234400
AAPL,11/21/19,65.922501,66.002502,65.294998,65.502502,64.461639,121395200
AAPL,11/22/19,65.647499,65.794998,65.209999,65.445,64.405045,65325200
AAPL,11/25/19,65.677498,66.610001,65.629997,66.592499,65.534317,84020400
AAPL,11/26/19,66.735001,66.790001,65.625,66.072502,65.022568,105207600
AAPL,11/27/19,66.394997,66.995003,66.327499,66.959999,65.895981,65235600
AAPL,11/29/19,66.650002,67,66.474998,66.8125,65.750824,46617600
AAPL,12/2/19,66.817497,67.0625,65.862503,66.040001,64.990601,94487200
AAPL,12/3/19,64.577499,64.8825,64.072502,64.862503,63.831814,114430400
AAPL,12/4/19,65.267502,65.827499,65.169998,65.434998,64.395203,67181600
AAPL,12/5/19,65.947502,66.472504,65.682503,66.394997,65.339951,74424400
AAPL,12/6/19,66.870003,67.75,66.824997,67.677498,66.602066,106075600
AAPL,12/9/19,67.5,67.699997,66.227501,66.730003,65.66964,128042400
AAPL,12/10/19,67.150002,67.517502,66.464996,67.120003,66.053444,90420400
AAPL,12/11/19,67.202499,67.775002,67.125,67.692497,66.616837,78756800
AAPL,12/12/19,66.945,68.139999,66.830002,67.864998,66.786583,137310400
AAPL,12/13/19,67.864998,68.824997,67.732498,68.787498,67.69445,133587600
AAPL,12/16/19,69.25,70.197502,69.245003,69.964996,68.853226,128186000
AAPL,12/17/19,69.892502,70.442497,69.699997,70.102501,68.988533,114158400
AAPL,12/18/19,69.949997,70.474998,69.779999,69.934998,68.823692,116028400
AAPL,12/19/19,69.875,70.294998,69.737503,70.004997,68.892578,98369200
AAPL,12/20/19,70.557503,70.662498,69.639999,69.860001,68.749893,275978000
AAPL,12/23/19,70.1325,71.0625,70.092499,71,69.871788,98572000
AAPL,12/24/19,71.172501,71.222504,70.730003,71.067497,69.938202,48478800
AAPL,12/26/19,71.205002,72.495003,71.175003,72.477501,71.32579,93121200
AAPL,12/27/19,72.779999,73.4925,72.029999,72.449997,71.298737,146266000
AAPL,12/30/19,72.364998,73.172501,71.305,72.879997,71.721901,144114400
AAPL,12/31/19,72.482498,73.419998,72.379997,73.412498,72.245941,100805600
AAPL,1/2/20,74.059998,75.150002,73.797501,75.087502,73.894333,135480400
AAPL,1/3/20,74.287498,75.144997,74.125,74.357498,73.175919,146322800
AAPL,1/6/20,73.447502,74.989998,73.1875,74.949997,73.75901,118387200
AAPL,1/7/20,74.959999,75.224998,74.370003,74.597504,73.412109,108872000
AAPL,1/8/20,74.290001,76.110001,74.290001,75.797501,74.593048,132079200
AAPL,1/9/20,76.809998,77.607498,76.550003,77.407501,76.177467,170108400
AAPL,1/10/20,77.650002,78.167503,77.0625,77.582497,76.349686,140644800
AAPL,1/13/20,77.910004,79.267502,77.787498,79.239998,77.980835,121532000
AAPL,1/14/20,79.175003,79.392502,78.042503,78.169998,76.927841,161954400
AAPL,1/15/20,77.962502,78.875,77.387497,77.834999,76.598175,121923600
AAPL,1/16/20,78.397499,78.925003,78.022499,78.809998,77.557671,108829200
AAPL,1/17/20,79.067497,79.684998,78.75,79.682503,78.416313,137816400
AAPL,1/21/20,79.297501,79.754997,79,79.142502,77.884895,110843200
AAPL,1/22/20,79.644997,79.997498,79.327499,79.425003,78.162903,101832400
AAPL,1/23/20,79.480003,79.889999,78.912498,79.807503,78.539314,104472000
AAPL,1/24/20,80.0625,80.832497,79.379997,79.577499,78.312981,146537600
AAPL,1/27/20,77.514999,77.942497,76.220001,77.237503,76.010162,161940000
AAPL,1/28/20,78.150002,79.599998,78.047501,79.422501,78.160446,162234000
AAPL,1/29/20,81.112503,81.962502,80.345001,81.084999,79.796516,216229200
AAPL,1/30/20,80.135002,81.022499,79.6875,80.967499,79.680885,126743200
AAPL,1/31/20,80.232498,80.669998,77.072502,77.377502,76.147949,199588400
AAPL,2/3/20,76.074997,78.372498,75.555,77.165001,75.938805,173788400
AAPL,2/4/20,78.827499,79.910004,78.407501,79.712502,78.445831,136616400
AAPL,2/5/20,80.879997,81.190002,79.737503,80.362503,79.08551,118826800
AAPL,2/6/20,80.642502,81.305,80.065002,81.302498,80.010567,105425600
AAPL,2/7/20,80.592499,80.849998,79.5,80.0075,78.923012,117684000
AAPL,2/10/20,78.544998,80.387497,78.462502,80.387497,79.297852,109348800
AAPL,2/11/20,80.900002,80.974998,79.677498,79.902496,78.819427,94323200
AAPL,2/12/20,80.3675,81.805,80.3675,81.800003,80.691208,113730400
AAPL,2/13/20,81.047501,81.555,80.837502,81.217499,80.116608,94747600
AAPL,2/14/20,81.184998,81.495003,80.712502,81.237503,80.136345,80113600
AAPL,2/18/20,78.839996,79.9375,78.652496,79.75,78.668999,152531200
AAPL,2/19/20,80,81.142502,80,80.904999,79.80835,93984000
AAPL,2/20/20,80.657501,81.162498,79.552498,80.074997,78.989578,100566000
AAPL,2/21/20,79.654999,80.112503,77.625,78.262497,77.20166,129554000
AAPL,2/24/20,74.315002,76.044998,72.307503,74.544998,73.534546,222195200
AAPL,2/25/20,75.237503,75.6325,71.532501,72.019997,71.04377,230673600
AAPL,2/26/20,71.6325,74.470001,71.625,73.162498,72.170792,198054800
AAPL,2/27/20,70.275002,71.5,68.239998,68.379997,67.45311,320605600
AAPL,2/28/20,64.315002,69.602501,64.092499,68.339996,67.413651,426510000
AAPL,3/2/20,70.57,75.360001,69.43,74.702499,73.689911,341397200
AAPL,3/3/20,75.917503,76,71.449997,72.330002,71.349579,319475600
AAPL,3/4/20,74.110001,75.849998,73.282501,75.684998,74.659096,219178400
AAPL,3/5/20,73.879997,74.887497,72.852501,73.230003,72.237381,187572800
AAPL,3/6/20,70.5,72.705002,70.307503,72.2575,71.278061,226176800
AAPL,3/9/20,65.9375,69.522499,65.75,66.542503,65.640526,286744800
AAPL,3/10/20,69.285004,71.610001,67.342499,71.334999,70.368073,285290000
AAPL,3/11/20,69.347504,70.305,67.964996,68.857498,67.924149,255598800
AAPL,3/12/20,63.985001,67.5,62,62.057499,61.21632,418474000
AAPL,3/13/20,66.222504,69.980003,63.237499,69.4925,68.550537,370732000
AAPL,3/16/20,60.487499,64.769997,60,60.552502,59.731716,322423600
AAPL,3/17/20,61.877499,64.402496,59.599998,63.215,62.358124,324056000
AAPL,3/18/20,59.942501,62.5,59.279999,61.6675,60.8316,300233600
AAPL,3/19/20,61.8475,63.209999,60.6525,61.195,60.365509,271857200
AAPL,3/20/20,61.794998,62.9575,57,57.310001,56.533173,401693200
AAPL,3/23/20,57.02,57.125,53.1525,56.092499,55.332172,336752800
AAPL,3/24/20,59.09,61.922501,58.575001,61.720001,60.883392,287531200
AAPL,3/25/20,62.6875,64.5625,61.075001,61.380001,60.548004,303602000
AAPL,3/26/20,61.630001,64.669998,61.59,64.610001,63.734219,252087200
AAPL,3/27/20,63.1875,63.967499,61.762501,61.935001,61.095482,204216800
AAPL,3/30/20,62.685001,63.880001,62.349998,63.702499,62.83902,167976400
AAPL,3/31/20,63.900002,65.622498,63,63.572498,62.710785,197002000
AAPL,4/1/20,61.625,62.18,59.782501,60.227501,59.411125,176218400
AAPL,4/2/20,60.084999,61.287498,59.224998,61.232498,60.402496,165934000
AAPL,4/3/20,60.700001,61.424999,59.7425,60.352501,59.534428,129880000
AAPL,4/6/20,62.724998,65.777496,62.345001,65.6175,64.728065,201820400
AAPL,4/7/20,67.699997,67.925003,64.75,64.857498,63.978363,202887200
AAPL,4/8/20,65.684998,66.842499,65.307503,66.517502,65.615868,168895200
AAPL,4/9/20,67.175003,67.517502,66.175003,66.997498,66.089355,161834800
AAPL,4/13/20,67.077499,68.425003,66.457497,68.3125,67.386528,131022800
AAPL,4/14/20,70,72.0625,69.512497,71.762497,70.789757,194994800
AAPL,4/15/20,70.599998,71.582497,70.157501,71.107498,70.143654,131154400
AAPL,4/16/20,71.845001,72.050003,70.587502,71.672501,70.700981,157125200
AAPL,4/17/20,71.172501,71.737503,69.214996,70.699997,69.741669,215250000
AAPL,4/20/20,69.487503,70.419998,69.212502,69.232498,68.294052,130015200
AAPL,4/21/20,69.07,69.3125,66.357498,67.092499,66.183067,180991600
AAPL,4/22/20,68.402496,69.474998,68.050003,69.025002,68.089386,116862400
AAPL,4/23/20,68.967499,70.4375,68.717499,68.7575,67.825516,124814400
AAPL,4/24/20,69.300003,70.752502,69.25,70.7425,69.7836,126161200
AAPL,4/27/20,70.449997,71.135002,69.987503,70.792503,69.832916,117087600
AAPL,4/28/20,71.269997,71.457497,69.550003,69.644997,68.700981,112004800
AAPL,4/29/20,71.182503,72.417503,70.972504,71.932503,70.957466,137280800
AAPL,4/30/20,72.489998,73.6325,72.087502,73.449997,72.454384,183064000
AAPL,5/1/20,71.5625,74.75,71.462502,72.267502,71.287926,240616800
AAPL,5/4/20,72.292503,73.422501,71.580002,73.290001,72.296555,133568000
AAPL,5/5/20,73.764999,75.25,73.614998,74.389999,73.381653,147751200
AAPL,5/6/20,75.114998,75.809998,74.717499,75.157501,74.138756,142333600
AAPL,5/7/20,75.805,76.292503,75.4925,75.934998,74.905708,115215200
AAPL,5/8/20,76.410004,77.587502,76.072502,77.532501,76.688591,133838400
AAPL,5/11/20,77.025002,79.262497,76.809998,78.752502,77.895317,145946400
AAPL,5/12/20,79.457497,79.922501,77.727501,77.852501,77.005112,162301200
AAPL,5/13/20,78.037498,78.987503,75.802498,76.912498,76.07534,200622400
AAPL,5/14/20,76.127502,77.447502,75.3825,77.385002,76.542709,158929200
AAPL,5/15/20,75.087502,76.974998,75.052498,76.927498,76.090179,166348400
AAPL,5/18/20,78.292503,79.125,77.580002,78.739998,77.88295,135178400
AAPL,5/19/20,78.7575,79.629997,78.252502,78.285004,77.432907,101729600
AAPL,5/20/20,79.169998,79.879997,79.129997,79.807503,78.938828,111504800
AAPL,5/21/20,79.665001,80.222504,78.967499,79.212502,78.350304,102688800
AAPL,5/22/20,78.942497,79.807503,78.837502,79.722504,78.854767,81803200
AAPL,5/26/20,80.875,81.059998,79.125,79.182503,78.320633,125522000
AAPL,5/27/20,79.035004,79.677498,78.272499,79.527496,78.661865,112945200
AAPL,5/28/20,79.192497,80.860001,78.907501,79.5625,78.696487,133560800
AAPL,5/29/20,79.8125,80.287498,79.1175,79.485001,78.619827,153532400
AAPL,6/1/20,79.4375,80.587502,79.302498,80.462502,79.586693,80791200
AAPL,6/2/20,80.1875,80.860001,79.732498,80.834999,79.955139,87642800
AAPL,6/3/20,81.165001,81.550003,80.574997,81.279999,80.395309,104491200
AAPL,6/4/20,81.097504,81.404999,80.195,80.580002,79.702919,87560400
AAPL,6/5/20,80.837502,82.9375,80.807503,82.875,81.972939,137250400
AAPL,6/8/20,82.5625,83.400002,81.830002,83.364998,82.457596,95654400
AAPL,6/9/20,83.035004,86.402496,83.002502,85.997498,85.061447,147712400
AAPL,6/10/20,86.974998,88.692497,86.522499,88.209999,87.249863,166651600
AAPL,6/11/20,87.327499,87.764999,83.870003,83.974998,83.060974,201662400
AAPL,6/12/20,86.18,86.949997,83.555,84.699997,83.778076,200146000
AAPL,6/15/20,83.3125,86.419998,83.144997,85.747498,84.814171,138808800
AAPL,6/16/20,87.864998,88.300003,86.18,88.019997,87.061935,165428800
AAPL,6/17/20,88.787498,88.849998,87.772499,87.897499,86.940781,114406400
AAPL,6/18/20,87.852501,88.362503,87.305,87.932503,86.975395,96820400
AAPL,6/19/20,88.660004,89.139999,86.287498,87.43,86.478363,264476000
AAPL,6/22/20,87.834999,89.864998,87.787498,89.717499,88.740959,135445200
AAPL,6/23/20,91,93.095001,90.567497,91.6325,90.635109,212155600
AAPL,6/24/20,91.25,92.197502,89.629997,90.014999,89.035233,192623200
AAPL,6/25/20,90.175003,91.25,89.392502,91.209999,90.217216,137522400
AAPL,6/26/20,91.102501,91.330002,88.254997,88.407501,87.445229,205256800
AAPL,6/29/20,88.3125,90.542503,87.82,90.445,89.460541,130646000
AAPL,6/30/20,90.019997,91.495003,90,91.199997,90.207329,140223200
AAPL,7/1/20,91.279999,91.839996,90.977501,91.027496,90.036697,110737200
AAPL,7/2/20,91.962502,92.6175,90.910004,91.027496,90.036697,114041600
AAPL,7/6/20,92.5,93.945,92.467499,93.462502,92.445198,118655600
AAPL,7/7/20,93.852501,94.654999,93.057503,93.172501,92.158356,112424400
AAPL,7/8/20,94.18,95.375,94.089996,95.342499,94.304733,117092000
AAPL,7/9/20,96.262497,96.317497,94.672501,95.752502,94.710266,125642800
AAPL,7/10/20,95.334999,95.980003,94.705002,95.919998,94.875946,90257200
AAPL,7/13/20,97.264999,99.955002,95.2575,95.477501,94.438271,191649200
AAPL,7/14/20,94.839996,97.254997,93.877502,97.057503,96.001068,170989200
AAPL,7/15/20,98.989998,99.247498,96.489998,97.724998,96.661301,153198000
AAPL,7/16/20,96.5625,97.404999,95.904999,96.522499,95.471886,110577600
AAPL,7/17/20,96.987503,97.147499,95.839996,96.327499,95.279007,92186800
AAPL,7/20/20,96.417503,98.5,96.0625,98.357498,97.286919,90318000
AAPL,7/21/20,99.172501,99.25,96.7425,97,95.944183,103433200
AAPL,7/22/20,96.692497,97.974998,96.602501,97.272499,96.213722,89001600
AAPL,7/23/20,96.997498,97.077499,92.010002,92.845001,91.834427,197004400
AAPL,7/24/20,90.987503,92.970001,89.144997,92.614998,91.606918,185438800
AAPL,7/27/20,93.709999,94.904999,93.480003,94.809998,93.778023,121214000
AAPL,7/28/20,94.3675,94.550003,93.247498,93.252502,92.237488,103625600
AAPL,7/29/20,93.75,95.230003,93.712502,95.040001,94.005531,90329200
AAPL,7/30/20,94.1875,96.297501,93.767502,96.190002,95.143013,158130000
AAPL,7/31/20,102.885002,106.415001,100.824997,106.260002,105.103401,374336800
AAPL,8/3/20,108.199997,111.637497,107.892502,108.9375,107.751762,308151200
AAPL,8/4/20,109.1325,110.790001,108.387497,109.665001,108.471336,173071600
AAPL,8/5/20,109.377502,110.392502,108.897499,110.0625,108.864517,121776800
AAPL,8/6/20,110.404999,114.412498,109.797501,113.902496,112.66272,202428800
AAPL,8/7/20,113.205002,113.675003,110.292503,111.112503,110.101257,198045600
AAPL,8/10/20,112.599998,113.775002,110,112.727501,111.701546,212403600
AAPL,8/11/20,111.970001,112.482498,109.107498,109.375,108.379547,187902400
AAPL,8/12/20,110.497498,113.275002,110.297501,113.010002,111.981476,165598000
AAPL,8/13/20,114.43,116.042503,113.927498,115.010002,113.963264,210082000
AAPL,8/14/20,114.830002,115,113.044998,114.907501,113.861702,165565200
AAPL,8/17/20,116.0625,116.087502,113.962502,114.607498,113.564438,119561600
AAPL,8/18/20,114.352501,116,114.0075,115.5625,114.51075,105633600
AAPL,8/19/20,115.982498,117.162498,115.610001,115.707497,114.654411,145538000
AAPL,8/20/20,115.75,118.392502,115.732498,118.275002,117.198547,126907200
AAPL,8/21/20,119.262497,124.8675,119.25,124.370003,123.238083,338054800
AAPL,8/24/20,128.697495,128.785004,123.9375,125.857498,124.712044,345937600
AAPL,8/25/20,124.697502,125.18,123.052498,124.824997,123.688942,211495600
AAPL,8/26/20,126.18,126.9925,125.082497,126.522499,125.370987,163022400
AAPL,8/27/20,127.142502,127.485001,123.832497,125.010002,123.872269,155552400
AAPL,8/28/20,126.012497,126.442497,124.577499,124.807503,123.6716,187630000
AAPL,8/31/20,127.580002,131,126,129.039993,127.865578,225702700
AAPL,9/1/20,132.759995,134.800003,130.529999,134.179993,132.958786,151948100
AAPL,9/2/20,137.589996,137.979996,127,131.399994,130.204071,200119000
AAPL,9/3/20,126.910004,128.839996,120.5,120.879997,119.779846,257599600
AAPL,9/4/20,120.07,123.699997,110.889999,120.959999,119.859116,332607200
AAPL,9/8/20,113.949997,118.989998,112.68,112.82,111.793205,231366600
AAPL,9/9/20,117.260002,119.139999,115.260002,117.32,116.252243,176940500
AAPL,9/10/20,120.360001,120.5,112.5,113.489998,112.457092,182274400
AAPL,9/11/20,114.57,115.230003,110,112,110.980659,180860300
AAPL,9/14/20,114.720001,115.93,112.800003,115.360001,114.310081,140150100
AAPL,9/15/20,118.330002,118.830002,113.610001,115.540001,114.488449,184642000
AAPL,9/16/20,115.230003,116,112.040001,112.129997,111.109489,154679000
AAPL,9/17/20,109.720001,112.199997,108.709999,110.339996,109.33577,178011000
AAPL,9/18/20,110.400002,110.879997,106.089996,106.839996,105.867615,287104900
AAPL,9/21/20,104.540001,110.190002,103.099998,110.080002,109.07814,195713800
AAPL,9/22/20,112.68,112.860001,109.160004,111.809998,110.792397,183055400
AAPL,9/23/20,111.620003,112.110001,106.769997,107.120003,106.145073,150718700
AAPL,9/24/20,105.169998,110.25,105,108.220001,107.235077,167743300
AAPL,9/25/20,108.43,112.440002,107.669998,112.279999,111.258118,149981400
AAPL,9/28/20,115.010002,115.32,112.779999,114.959999,113.913727,137672400
AAPL,9/29/20,114.550003,115.309998,113.57,114.089996,113.051643,99382200
AAPL,9/30/20,113.790001,117.260002,113.620003,115.809998,114.755981,142675200
AAPL,10/1/20,117.639999,117.720001,115.830002,116.790001,115.727074,116120400
AAPL,10/2/20,112.889999,115.370003,112.220001,113.019997,111.991379,144712000
AAPL,10/5/20,113.910004,116.650002,113.550003,116.5,115.439713,106243800
AAPL,10/6/20,115.699997,116.120003,112.25,113.160004,112.130119,161498200
AAPL,10/7/20,114.620003,115.550003,114.129997,115.080002,114.032631,96849000
AAPL,10/8/20,116.25,116.400002,114.589996,114.970001,113.923637,83477200
AAPL,10/9/20,115.279999,117,114.919998,116.970001,115.905434,100506900
AAPL,10/12/20,120.059998,125.18,119.279999,124.400002,123.267799,240226800
AAPL,10/13/20,125.269997,125.389999,119.650002,121.099998,119.997841,262330500
AAPL,10/14/20,121,123.029999,119.620003,121.190002,120.087021,150712000
AAPL,10/15/20,118.720001,121.199997,118.150002,120.709999,119.611397,112559200
AAPL,10/16/20,121.279999,121.550003,118.809998,119.019997,117.936768,115393800
AAPL,10/19/20,119.959999,120.419998,115.660004,115.980003,114.924446,120639300
AAPL,10/20/20,116.199997,118.980003,115.629997,117.510002,116.440514,124423700
AAPL,10/21/20,116.669998,118.709999,116.449997,116.870003,115.806328,89946000
AAPL,10/22/20,117.449997,118.040001,114.589996,115.75,114.696533,101988000
AAPL,10/23/20,116.389999,116.550003,114.279999,115.040001,113.992996,82572600
AAPL,10/26/20,114.010002,116.550003,112.879997,115.050003,114.002914,111850700
AAPL,10/27/20,115.489998,117.279999,114.540001,116.599998,115.538795,92276800
AAPL,10/28/20,115.050003,115.43,111.099998,111.199997,110.187943,143937800
AAPL,10/29/20,112.370003,116.93,112.199997,115.32,114.270447,146129200
AAPL,10/30/20,111.059998,111.989998,107.720001,108.860001,107.86924,190272600
AAPL,11/2/20,109.110001,110.68,107.32,108.769997,107.78006,122866900
AAPL,11/3/20,109.660004,111.489998,108.730003,110.440002,109.434868,107624400
AAPL,11/4/20,114.139999,115.589996,112.349998,114.949997,113.903816,138235500
AAPL,11/5/20,117.949997,119.620003,116.870003,119.029999,117.946678,126387100
AAPL,11/6/20,118.32,119.199997,116.129997,118.690002,117.812691,114457900
AAPL,11/9/20,120.5,121.989998,116.050003,116.32,115.460197,154515300
AAPL,11/10/20,115.550003,117.589996,114.129997,115.970001,115.112785,138023400
AAPL,11/11/20,117.190002,119.629997,116.440002,119.489998,118.606773,112295000
AAPL,11/12/20,119.620003,120.529999,118.57,119.209999,118.328835,103162300
AAPL,11/13/20,119.440002,119.669998,117.870003,119.260002,118.378479,81581900
AAPL,11/16/20,118.919998,120.989998,118.150002,120.300003,119.410782,91183000
AAPL,11/17/20,119.550003,120.669998,118.959999,119.389999,118.507507,74271000
AAPL,11/18/20,118.610001,119.82,118,118.029999,117.157562,76322100
AAPL,11/19/20,117.589996,119.059998,116.809998,118.639999,117.763054,74113000
AAPL,11/20/20,118.639999,118.769997,117.290001,117.339996,116.472664,73604300
AAPL,11/23/20,117.18,117.620003,113.75,113.849998,113.008461,127959300
AAPL,11/24/20,113.910004,115.849998,112.589996,115.169998,114.318703,113874200
AAPL,11/25/20,115.550003,116.75,115.169998,116.029999,115.172348,76499200
AAPL,11/27/20,116.57,117.489998,116.220001,116.589996,115.72821,46691300
AAPL,11/30/20,116.970001,120.970001,116.809998,119.050003,118.170036,169410200
AAPL,12/1/20,121.010002,123.470001,120.010002,122.720001,121.812897,127728200
AAPL,12/2/20,122.019997,123.370003,120.889999,123.080002,122.17025,89004200
AAPL,12/3/20,123.519997,123.779999,122.209999,122.940002,122.031273,78967600
AAPL,12/4/20,122.599998,122.860001,121.519997,122.25,121.346367,78260400
AAPL,12/7/20,122.309998,124.57,122.25,123.75,122.835289,86712000
AAPL,12/8/20,124.370003,124.980003,123.089996,124.379997,123.460625,82225500
AAPL,12/9/20,124.529999,125.949997,121,121.779999,120.879845,115089200
AAPL,12/10/20,120.5,123.870003,120.150002,123.239998,122.329048,81312200
AAPL,12/11/20,122.43,122.760002,120.550003,122.410004,121.505196,86939800
AAPL,12/14/20,122.599998,123.349998,121.540001,121.779999,120.879845,79184500
AAPL,12/15/20,124.339996,127.900002,124.129997,127.879997,126.934753,157243700
AAPL,12/16/20,127.410004,128.369995,126.559998,127.809998,126.865273,98208600
AAPL,12/17/20,128.899994,129.580002,128.039993,128.699997,127.748695,94359800
AAPL,12/18/20,128.960007,129.100006,126.120003,126.660004,125.723778,192541500
AAPL,12/21/20,125.019997,128.309998,123.449997,128.229996,127.282158,121251600
AAPL,12/22/20,131.610001,134.410004,129.649994,131.880005,130.905182,168904800
AAPL,12/23/20,132.160004,132.429993,130.779999,130.960007,129.991989,88223700
AAPL,12/24/20,131.320007,133.460007,131.100006,131.970001,130.994537,54930100
AAPL,12/28/20,133.990005,137.339996,133.509995,136.690002,135.679626,124486200
AAPL,12/29/20,138.050003,138.789993,134.339996,134.869995,133.873077,121047300
AAPL,12/30/20,135.580002,135.990005,133.399994,133.720001,132.731583,96452100
AAPL,12/31/20,134.080002,134.740005,131.720001,132.690002,131.709198,99116600